{
    "$schema": "https://schema.management.azure.com/schemas/2015-01-01/deploymentParameters.json#",
    "contentVersion": "1.0.0.0",
    "parameters": {
        "workspaces_defaultworkspace_dd3dfec0_514d_4833_9456_f65c43d1d083_eau_name": {
            "value": null
        },
        "solutions_Security(DefaultWorkspace_dd3dfec0_514d_4833_9456_f65c43d1d083_EAU)_name": {
            "value": null
        },
        "solutions_SecurityCenterFree(DefaultWorkspace_dd3dfec0_514d_4833_9456_f65c43d1d083_EAU)_name": {
            "value": null
        },
        "solutions_SQLVulnerabilityAssessment(DefaultWorkspace_dd3dfec0_514d_4833_9456_f65c43d1d083_EAU)_name": {
            "value": null
        },
        "solutions_SQLAdvancedThreatProtection(DefaultWorkspace_dd3dfec0_514d_4833_9456_f65c43d1d083_EAU)_name": {
            "value": null
        }
    }
}