{
    "$schema": "https://schema.management.azure.com/schemas/2015-01-01/deploymentTemplate.json#",
    "contentVersion": "1.0.0.0",
    "parameters": {
        "workspaces_defaultworkspace_dd3dfec0_514d_4833_9456_f65c43d1d083_eau_name": {
            "defaultValue": "defaultworkspace-dd3dfec0-514d-4833-9456-f65c43d1d083-eau",
            "type": "String"
        },
        "solutions_Security(DefaultWorkspace_dd3dfec0_514d_4833_9456_f65c43d1d083_EAU)_name": {
            "defaultValue": "Security(DefaultWorkspace-dd3dfec0-514d-4833-9456-f65c43d1d083-EAU)",
            "type": "String"
        },
        "solutions_SecurityCenterFree(DefaultWorkspace_dd3dfec0_514d_4833_9456_f65c43d1d083_EAU)_name": {
            "defaultValue": "SecurityCenterFree(DefaultWorkspace-dd3dfec0-514d-4833-9456-f65c43d1d083-EAU)",
            "type": "String"
        },
        "solutions_SQLVulnerabilityAssessment(DefaultWorkspace_dd3dfec0_514d_4833_9456_f65c43d1d083_EAU)_name": {
            "defaultValue": "SQLVulnerabilityAssessment(DefaultWorkspace-dd3dfec0-514d-4833-9456-f65c43d1d083-EAU)",
            "type": "String"
        },
        "solutions_SQLAdvancedThreatProtection(DefaultWorkspace_dd3dfec0_514d_4833_9456_f65c43d1d083_EAU)_name": {
            "defaultValue": "SQLAdvancedThreatProtection(DefaultWorkspace-dd3dfec0-514d-4833-9456-f65c43d1d083-EAU)",
            "type": "String"
        }
    },
    "variables": {},
    "resources": [
        {
            "type": "microsoft.operationalinsights/workspaces",
            "apiVersion": "2015-11-01-preview",
            "name": "[parameters('workspaces_defaultworkspace_dd3dfec0_514d_4833_9456_f65c43d1d083_eau_name')]",
            "location": "australiaeast",
            "properties": {
                "source": "Azure",
                "customerId": "731eceb5-9e18-4d2a-8f22-c8e1ba02265c",
                "provisioningState": "Succeeded",
                "sku": {
                    "name": "pergb2018"
                },
                "retentionInDays": 30
            }
        },
        {
            "type": "microsoft.operationalinsights/workspaces/linkedservices",
            "apiVersion": "2015-11-01-preview",
            "name": "[concat(parameters('workspaces_defaultworkspace_dd3dfec0_514d_4833_9456_f65c43d1d083_eau_name'), '/security')]",
            "dependsOn": [
                "[resourceId('microsoft.operationalinsights/workspaces', parameters('workspaces_defaultworkspace_dd3dfec0_514d_4833_9456_f65c43d1d083_eau_name'))]"
            ],
            "properties": {
                "resourceId": "[resourceId('microsoft.operationalinsights/workspaces', parameters('workspaces_defaultworkspace_dd3dfec0_514d_4833_9456_f65c43d1d083_eau_name'))]"
            }
        },
        {
            "type": "Microsoft.OperationalInsights/workspaces/savedSearches",
            "apiVersion": "2015-03-20",
            "name": "[concat(parameters('workspaces_defaultworkspace_dd3dfec0_514d_4833_9456_f65c43d1d083_eau_name'), '/LogManagement(', parameters('workspaces_defaultworkspace_dd3dfec0_514d_4833_9456_f65c43d1d083_eau_name'), ')_General|AlphabeticallySortedComputers')]",
            "dependsOn": [
                "[resourceId('Microsoft.OperationalInsights/workspaces', parameters('workspaces_defaultworkspace_dd3dfec0_514d_4833_9456_f65c43d1d083_eau_name'))]"
            ],
            "properties": {
                "DisplayName": "All Computers with their most recent data",
                "Category": "General Exploration",
                "Query": "search not(ObjectName == \"Advisor Metrics\" or ObjectName == \"ManagedSpace\") | summarize AggregatedValue = max(TimeGenerated) by Computer | limit 500000 | sort by Computer asc\r\n// Oql: NOT(ObjectName=\"Advisor Metrics\" OR ObjectName=ManagedSpace) | measure max(TimeGenerated) by Computer | top 500000 | Sort Computer // Args: {OQ: True; WorkspaceId: 00000000-0000-0000-0000-000000000000} // Settings: {PTT: True; SortI: True; SortF: True} // Version: 0.1.122",
                "Version": 2
            }
        },
        {
            "type": "Microsoft.OperationalInsights/workspaces/savedSearches",
            "apiVersion": "2015-03-20",
            "name": "[concat(parameters('workspaces_defaultworkspace_dd3dfec0_514d_4833_9456_f65c43d1d083_eau_name'), '/LogManagement(', parameters('workspaces_defaultworkspace_dd3dfec0_514d_4833_9456_f65c43d1d083_eau_name'), ')_General|dataPointsPerManagementGroup')]",
            "dependsOn": [
                "[resourceId('Microsoft.OperationalInsights/workspaces', parameters('workspaces_defaultworkspace_dd3dfec0_514d_4833_9456_f65c43d1d083_eau_name'))]"
            ],
            "properties": {
                "DisplayName": "Which Management Group is generating the most data points?",
                "Category": "General Exploration",
                "Query": "search * | summarize AggregatedValue = count() by ManagementGroupName\r\n// Oql: * | Measure count() by ManagementGroupName // Args: {OQ: True; WorkspaceId: 00000000-0000-0000-0000-000000000000} // Settings: {PTT: True; SortI: True; SortF: True} // Version: 0.1.122",
                "Version": 2
            }
        },
        {
            "type": "Microsoft.OperationalInsights/workspaces/savedSearches",
            "apiVersion": "2015-03-20",
            "name": "[concat(parameters('workspaces_defaultworkspace_dd3dfec0_514d_4833_9456_f65c43d1d083_eau_name'), '/LogManagement(', parameters('workspaces_defaultworkspace_dd3dfec0_514d_4833_9456_f65c43d1d083_eau_name'), ')_General|dataTypeDistribution')]",
            "dependsOn": [
                "[resourceId('Microsoft.OperationalInsights/workspaces', parameters('workspaces_defaultworkspace_dd3dfec0_514d_4833_9456_f65c43d1d083_eau_name'))]"
            ],
            "properties": {
                "DisplayName": "Distribution of data Types",
                "Category": "General Exploration",
                "Query": "search * | extend Type = $table | summarize AggregatedValue = count() by Type\r\n// Oql: * | Measure count() by Type // Args: {OQ: True; WorkspaceId: 00000000-0000-0000-0000-000000000000} // Settings: {PTT: True; SortI: True; SortF: True} // Version: 0.1.122",
                "Version": 2
            }
        },
        {
            "type": "Microsoft.OperationalInsights/workspaces/savedSearches",
            "apiVersion": "2015-03-20",
            "name": "[concat(parameters('workspaces_defaultworkspace_dd3dfec0_514d_4833_9456_f65c43d1d083_eau_name'), '/LogManagement(', parameters('workspaces_defaultworkspace_dd3dfec0_514d_4833_9456_f65c43d1d083_eau_name'), ')_General|StaleComputers')]",
            "dependsOn": [
                "[resourceId('Microsoft.OperationalInsights/workspaces', parameters('workspaces_defaultworkspace_dd3dfec0_514d_4833_9456_f65c43d1d083_eau_name'))]"
            ],
            "properties": {
                "DisplayName": "Stale Computers (data older than 24 hours)",
                "Category": "General Exploration",
                "Query": "search not(ObjectName == \"Advisor Metrics\" or ObjectName == \"ManagedSpace\") | summarize lastdata = max(TimeGenerated) by Computer | limit 500000 | where lastdata < ago(24h)\r\n// Oql: NOT(ObjectName=\"Advisor Metrics\" OR ObjectName=ManagedSpace) | measure max(TimeGenerated) as lastdata by Computer | top 500000 | where lastdata < NOW-24HOURS // Args: {OQ: True; WorkspaceId: 00000000-0000-0000-0000-000000000000} // Settings: {PTT: True; SortI: True; SortF: True} // Version: 0.1.122",
                "Version": 2
            }
        },
        {
            "type": "Microsoft.OperationalInsights/workspaces/savedSearches",
            "apiVersion": "2015-03-20",
            "name": "[concat(parameters('workspaces_defaultworkspace_dd3dfec0_514d_4833_9456_f65c43d1d083_eau_name'), '/LogManagement(', parameters('workspaces_defaultworkspace_dd3dfec0_514d_4833_9456_f65c43d1d083_eau_name'), ')_LogManagement|AllEvents')]",
            "dependsOn": [
                "[resourceId('Microsoft.OperationalInsights/workspaces', parameters('workspaces_defaultworkspace_dd3dfec0_514d_4833_9456_f65c43d1d083_eau_name'))]"
            ],
            "properties": {
                "DisplayName": "All Events",
                "Category": "Log Management",
                "Query": "Event | sort by TimeGenerated desc\r\n// Oql: Type=Event // Args: {OQ: True; WorkspaceId: 00000000-0000-0000-0000-000000000000} // Settings: {PTT: True; SortI: True; SortF: True} // Version: 0.1.122",
                "Version": 2
            }
        },
        {
            "type": "Microsoft.OperationalInsights/workspaces/savedSearches",
            "apiVersion": "2015-03-20",
            "name": "[concat(parameters('workspaces_defaultworkspace_dd3dfec0_514d_4833_9456_f65c43d1d083_eau_name'), '/LogManagement(', parameters('workspaces_defaultworkspace_dd3dfec0_514d_4833_9456_f65c43d1d083_eau_name'), ')_LogManagement|AllSyslog')]",
            "dependsOn": [
                "[resourceId('Microsoft.OperationalInsights/workspaces', parameters('workspaces_defaultworkspace_dd3dfec0_514d_4833_9456_f65c43d1d083_eau_name'))]"
            ],
            "properties": {
                "DisplayName": "All Syslogs",
                "Category": "Log Management",
                "Query": "Syslog | sort by TimeGenerated desc\r\n// Oql: Type=Syslog // Args: {OQ: True; WorkspaceId: 00000000-0000-0000-0000-000000000000} // Settings: {PTT: True; SortI: True; SortF: True} // Version: 0.1.122",
                "Version": 2
            }
        },
        {
            "type": "Microsoft.OperationalInsights/workspaces/savedSearches",
            "apiVersion": "2015-03-20",
            "name": "[concat(parameters('workspaces_defaultworkspace_dd3dfec0_514d_4833_9456_f65c43d1d083_eau_name'), '/LogManagement(', parameters('workspaces_defaultworkspace_dd3dfec0_514d_4833_9456_f65c43d1d083_eau_name'), ')_LogManagement|AllSyslogByFacility')]",
            "dependsOn": [
                "[resourceId('Microsoft.OperationalInsights/workspaces', parameters('workspaces_defaultworkspace_dd3dfec0_514d_4833_9456_f65c43d1d083_eau_name'))]"
            ],
            "properties": {
                "DisplayName": "All Syslog Records grouped by Facility",
                "Category": "Log Management",
                "Query": "Syslog | summarize AggregatedValue = count() by Facility\r\n// Oql: Type=Syslog | Measure count() by Facility // Args: {OQ: True; WorkspaceId: 00000000-0000-0000-0000-000000000000} // Settings: {PTT: True; SortI: True; SortF: True} // Version: 0.1.122",
                "Version": 2
            }
        },
        {
            "type": "Microsoft.OperationalInsights/workspaces/savedSearches",
            "apiVersion": "2015-03-20",
            "name": "[concat(parameters('workspaces_defaultworkspace_dd3dfec0_514d_4833_9456_f65c43d1d083_eau_name'), '/LogManagement(', parameters('workspaces_defaultworkspace_dd3dfec0_514d_4833_9456_f65c43d1d083_eau_name'), ')_LogManagement|AllSyslogByProcessName')]",
            "dependsOn": [
                "[resourceId('Microsoft.OperationalInsights/workspaces', parameters('workspaces_defaultworkspace_dd3dfec0_514d_4833_9456_f65c43d1d083_eau_name'))]"
            ],
            "properties": {
                "DisplayName": "All Syslog Records grouped by ProcessName",
                "Category": "Log Management",
                "Query": "Syslog | summarize AggregatedValue = count() by ProcessName\r\n// Oql: Type=Syslog | Measure count() by ProcessName // Args: {OQ: True; WorkspaceId: 00000000-0000-0000-0000-000000000000} // Settings: {PTT: True; SortI: True; SortF: True} // Version: 0.1.122",
                "Version": 2
            }
        },
        {
            "type": "Microsoft.OperationalInsights/workspaces/savedSearches",
            "apiVersion": "2015-03-20",
            "name": "[concat(parameters('workspaces_defaultworkspace_dd3dfec0_514d_4833_9456_f65c43d1d083_eau_name'), '/LogManagement(', parameters('workspaces_defaultworkspace_dd3dfec0_514d_4833_9456_f65c43d1d083_eau_name'), ')_LogManagement|AllSyslogsWithErrors')]",
            "dependsOn": [
                "[resourceId('Microsoft.OperationalInsights/workspaces', parameters('workspaces_defaultworkspace_dd3dfec0_514d_4833_9456_f65c43d1d083_eau_name'))]"
            ],
            "properties": {
                "DisplayName": "All Syslog Records with Errors",
                "Category": "Log Management",
                "Query": "Syslog | where SeverityLevel == \"error\" | sort by TimeGenerated desc\r\n// Oql: Type=Syslog SeverityLevel=error // Args: {OQ: True; WorkspaceId: 00000000-0000-0000-0000-000000000000} // Settings: {PTT: True; SortI: True; SortF: True} // Version: 0.1.122",
                "Version": 2
            }
        },
        {
            "type": "Microsoft.OperationalInsights/workspaces/savedSearches",
            "apiVersion": "2015-03-20",
            "name": "[concat(parameters('workspaces_defaultworkspace_dd3dfec0_514d_4833_9456_f65c43d1d083_eau_name'), '/LogManagement(', parameters('workspaces_defaultworkspace_dd3dfec0_514d_4833_9456_f65c43d1d083_eau_name'), ')_LogManagement|AverageHTTPRequestTimeByClientIPAddress')]",
            "dependsOn": [
                "[resourceId('Microsoft.OperationalInsights/workspaces', parameters('workspaces_defaultworkspace_dd3dfec0_514d_4833_9456_f65c43d1d083_eau_name'))]"
            ],
            "properties": {
                "DisplayName": "Average HTTP Request time by Client IP Address",
                "Category": "Log Management",
                "Query": "search * | extend Type = $table | where Type == W3CIISLog | summarize AggregatedValue = avg(TimeTaken) by cIP\r\n// Oql: Type=W3CIISLog | Measure Avg(TimeTaken) by cIP // Args: {OQ: True; WorkspaceId: 00000000-0000-0000-0000-000000000000} // Settings: {PEF: True; SortI: True; SortF: True} // Version: 0.1.122",
                "Version": 2
            }
        },
        {
            "type": "Microsoft.OperationalInsights/workspaces/savedSearches",
            "apiVersion": "2015-03-20",
            "name": "[concat(parameters('workspaces_defaultworkspace_dd3dfec0_514d_4833_9456_f65c43d1d083_eau_name'), '/LogManagement(', parameters('workspaces_defaultworkspace_dd3dfec0_514d_4833_9456_f65c43d1d083_eau_name'), ')_LogManagement|AverageHTTPRequestTimeHTTPMethod')]",
            "dependsOn": [
                "[resourceId('Microsoft.OperationalInsights/workspaces', parameters('workspaces_defaultworkspace_dd3dfec0_514d_4833_9456_f65c43d1d083_eau_name'))]"
            ],
            "properties": {
                "DisplayName": "Average HTTP Request time by HTTP Method",
                "Category": "Log Management",
                "Query": "search * | extend Type = $table | where Type == W3CIISLog | summarize AggregatedValue = avg(TimeTaken) by csMethod\r\n// Oql: Type=W3CIISLog | Measure Avg(TimeTaken) by csMethod // Args: {OQ: True; WorkspaceId: 00000000-0000-0000-0000-000000000000} // Settings: {PEF: True; SortI: True; SortF: True} // Version: 0.1.122",
                "Version": 2
            }
        },
        {
            "type": "Microsoft.OperationalInsights/workspaces/savedSearches",
            "apiVersion": "2015-03-20",
            "name": "[concat(parameters('workspaces_defaultworkspace_dd3dfec0_514d_4833_9456_f65c43d1d083_eau_name'), '/LogManagement(', parameters('workspaces_defaultworkspace_dd3dfec0_514d_4833_9456_f65c43d1d083_eau_name'), ')_LogManagement|CountIISLogEntriesClientIPAddress')]",
            "dependsOn": [
                "[resourceId('Microsoft.OperationalInsights/workspaces', parameters('workspaces_defaultworkspace_dd3dfec0_514d_4833_9456_f65c43d1d083_eau_name'))]"
            ],
            "properties": {
                "DisplayName": "Count of IIS Log Entries by Client IP Address",
                "Category": "Log Management",
                "Query": "search * | extend Type = $table | where Type == W3CIISLog | summarize AggregatedValue = count() by cIP\r\n// Oql: Type=W3CIISLog | Measure count() by cIP // Args: {OQ: True; WorkspaceId: 00000000-0000-0000-0000-000000000000} // Settings: {PEF: True; SortI: True; SortF: True} // Version: 0.1.122",
                "Version": 2
            }
        },
        {
            "type": "Microsoft.OperationalInsights/workspaces/savedSearches",
            "apiVersion": "2015-03-20",
            "name": "[concat(parameters('workspaces_defaultworkspace_dd3dfec0_514d_4833_9456_f65c43d1d083_eau_name'), '/LogManagement(', parameters('workspaces_defaultworkspace_dd3dfec0_514d_4833_9456_f65c43d1d083_eau_name'), ')_LogManagement|CountIISLogEntriesHTTPRequestMethod')]",
            "dependsOn": [
                "[resourceId('Microsoft.OperationalInsights/workspaces', parameters('workspaces_defaultworkspace_dd3dfec0_514d_4833_9456_f65c43d1d083_eau_name'))]"
            ],
            "properties": {
                "DisplayName": "Count of IIS Log Entries by HTTP Request Method",
                "Category": "Log Management",
                "Query": "search * | extend Type = $table | where Type == W3CIISLog | summarize AggregatedValue = count() by csMethod\r\n// Oql: Type=W3CIISLog | Measure count() by csMethod // Args: {OQ: True; WorkspaceId: 00000000-0000-0000-0000-000000000000} // Settings: {PEF: True; SortI: True; SortF: True} // Version: 0.1.122",
                "Version": 2
            }
        },
        {
            "type": "Microsoft.OperationalInsights/workspaces/savedSearches",
            "apiVersion": "2015-03-20",
            "name": "[concat(parameters('workspaces_defaultworkspace_dd3dfec0_514d_4833_9456_f65c43d1d083_eau_name'), '/LogManagement(', parameters('workspaces_defaultworkspace_dd3dfec0_514d_4833_9456_f65c43d1d083_eau_name'), ')_LogManagement|CountIISLogEntriesHTTPUserAgent')]",
            "dependsOn": [
                "[resourceId('Microsoft.OperationalInsights/workspaces', parameters('workspaces_defaultworkspace_dd3dfec0_514d_4833_9456_f65c43d1d083_eau_name'))]"
            ],
            "properties": {
                "DisplayName": "Count of IIS Log Entries by HTTP User Agent",
                "Category": "Log Management",
                "Query": "search * | extend Type = $table | where Type == W3CIISLog | summarize AggregatedValue = count() by csUserAgent\r\n// Oql: Type=W3CIISLog | Measure count() by csUserAgent // Args: {OQ: True; WorkspaceId: 00000000-0000-0000-0000-000000000000} // Settings: {PEF: True; SortI: True; SortF: True} // Version: 0.1.122",
                "Version": 2
            }
        },
        {
            "type": "Microsoft.OperationalInsights/workspaces/savedSearches",
            "apiVersion": "2015-03-20",
            "name": "[concat(parameters('workspaces_defaultworkspace_dd3dfec0_514d_4833_9456_f65c43d1d083_eau_name'), '/LogManagement(', parameters('workspaces_defaultworkspace_dd3dfec0_514d_4833_9456_f65c43d1d083_eau_name'), ')_LogManagement|CountOfIISLogEntriesByHostRequestedByClient')]",
            "dependsOn": [
                "[resourceId('Microsoft.OperationalInsights/workspaces', parameters('workspaces_defaultworkspace_dd3dfec0_514d_4833_9456_f65c43d1d083_eau_name'))]"
            ],
            "properties": {
                "DisplayName": "Count of IIS Log Entries by Host requested by client",
                "Category": "Log Management",
                "Query": "search * | extend Type = $table | where Type == W3CIISLog | summarize AggregatedValue = count() by csHost\r\n// Oql: Type=W3CIISLog | Measure count() by csHost // Args: {OQ: True; WorkspaceId: 00000000-0000-0000-0000-000000000000} // Settings: {PEF: True; SortI: True; SortF: True} // Version: 0.1.122",
                "Version": 2
            }
        },
        {
            "type": "Microsoft.OperationalInsights/workspaces/savedSearches",
            "apiVersion": "2015-03-20",
            "name": "[concat(parameters('workspaces_defaultworkspace_dd3dfec0_514d_4833_9456_f65c43d1d083_eau_name'), '/LogManagement(', parameters('workspaces_defaultworkspace_dd3dfec0_514d_4833_9456_f65c43d1d083_eau_name'), ')_LogManagement|CountOfIISLogEntriesByURLForHost')]",
            "dependsOn": [
                "[resourceId('Microsoft.OperationalInsights/workspaces', parameters('workspaces_defaultworkspace_dd3dfec0_514d_4833_9456_f65c43d1d083_eau_name'))]"
            ],
            "properties": {
                "DisplayName": "Count of IIS Log Entries by URL for the host \"www.contoso.com\" (replace with your own)",
                "Category": "Log Management",
                "Query": "search csHost == \"www.contoso.com\" | extend Type = $table | where Type == W3CIISLog | summarize AggregatedValue = count() by csUriStem\r\n// Oql: Type=W3CIISLog csHost=\"www.contoso.com\" | Measure count() by csUriStem // Args: {OQ: True; WorkspaceId: 00000000-0000-0000-0000-000000000000} // Settings: {PEF: True; SortI: True; SortF: True} // Version: 0.1.122",
                "Version": 2
            }
        },
        {
            "type": "Microsoft.OperationalInsights/workspaces/savedSearches",
            "apiVersion": "2015-03-20",
            "name": "[concat(parameters('workspaces_defaultworkspace_dd3dfec0_514d_4833_9456_f65c43d1d083_eau_name'), '/LogManagement(', parameters('workspaces_defaultworkspace_dd3dfec0_514d_4833_9456_f65c43d1d083_eau_name'), ')_LogManagement|CountOfIISLogEntriesByURLRequestedByClient')]",
            "dependsOn": [
                "[resourceId('Microsoft.OperationalInsights/workspaces', parameters('workspaces_defaultworkspace_dd3dfec0_514d_4833_9456_f65c43d1d083_eau_name'))]"
            ],
            "properties": {
                "DisplayName": "Count of IIS Log Entries by URL requested by client (without query strings)",
                "Category": "Log Management",
                "Query": "search * | extend Type = $table | where Type == W3CIISLog | summarize AggregatedValue = count() by csUriStem\r\n// Oql: Type=W3CIISLog | Measure count() by csUriStem // Args: {OQ: True; WorkspaceId: 00000000-0000-0000-0000-000000000000} // Settings: {PEF: True; SortI: True; SortF: True} // Version: 0.1.122",
                "Version": 2
            }
        },
        {
            "type": "Microsoft.OperationalInsights/workspaces/savedSearches",
            "apiVersion": "2015-03-20",
            "name": "[concat(parameters('workspaces_defaultworkspace_dd3dfec0_514d_4833_9456_f65c43d1d083_eau_name'), '/LogManagement(', parameters('workspaces_defaultworkspace_dd3dfec0_514d_4833_9456_f65c43d1d083_eau_name'), ')_LogManagement|CountOfWarningEvents')]",
            "dependsOn": [
                "[resourceId('Microsoft.OperationalInsights/workspaces', parameters('workspaces_defaultworkspace_dd3dfec0_514d_4833_9456_f65c43d1d083_eau_name'))]"
            ],
            "properties": {
                "DisplayName": "Count of Events with level \"Warning\" grouped by Event ID",
                "Category": "Log Management",
                "Query": "Event | where EventLevelName == \"warning\" | summarize AggregatedValue = count() by EventID\r\n// Oql: Type=Event EventLevelName=warning | Measure count() by EventID // Args: {OQ: True; WorkspaceId: 00000000-0000-0000-0000-000000000000} // Settings: {PTT: True; SortI: True; SortF: True} // Version: 0.1.122",
                "Version": 2
            }
        },
        {
            "type": "Microsoft.OperationalInsights/workspaces/savedSearches",
            "apiVersion": "2015-03-20",
            "name": "[concat(parameters('workspaces_defaultworkspace_dd3dfec0_514d_4833_9456_f65c43d1d083_eau_name'), '/LogManagement(', parameters('workspaces_defaultworkspace_dd3dfec0_514d_4833_9456_f65c43d1d083_eau_name'), ')_LogManagement|DisplayBreakdownRespondCodes')]",
            "dependsOn": [
                "[resourceId('Microsoft.OperationalInsights/workspaces', parameters('workspaces_defaultworkspace_dd3dfec0_514d_4833_9456_f65c43d1d083_eau_name'))]"
            ],
            "properties": {
                "DisplayName": "Shows breakdown of response codes",
                "Category": "Log Management",
                "Query": "search * | extend Type = $table | where Type == W3CIISLog | summarize AggregatedValue = count() by scStatus\r\n// Oql: Type=W3CIISLog | Measure count() by scStatus // Args: {OQ: True; WorkspaceId: 00000000-0000-0000-0000-000000000000} // Settings: {PEF: True; SortI: True; SortF: True} // Version: 0.1.122",
                "Version": 2
            }
        },
        {
            "type": "Microsoft.OperationalInsights/workspaces/savedSearches",
            "apiVersion": "2015-03-20",
            "name": "[concat(parameters('workspaces_defaultworkspace_dd3dfec0_514d_4833_9456_f65c43d1d083_eau_name'), '/LogManagement(', parameters('workspaces_defaultworkspace_dd3dfec0_514d_4833_9456_f65c43d1d083_eau_name'), ')_LogManagement|EventsByEventLog')]",
            "dependsOn": [
                "[resourceId('Microsoft.OperationalInsights/workspaces', parameters('workspaces_defaultworkspace_dd3dfec0_514d_4833_9456_f65c43d1d083_eau_name'))]"
            ],
            "properties": {
                "DisplayName": "Count of Events grouped by Event Log",
                "Category": "Log Management",
                "Query": "Event | summarize AggregatedValue = count() by EventLog\r\n// Oql: Type=Event | Measure count() by EventLog // Args: {OQ: True; WorkspaceId: 00000000-0000-0000-0000-000000000000} // Settings: {PTT: True; SortI: True; SortF: True} // Version: 0.1.122",
                "Version": 2
            }
        },
        {
            "type": "Microsoft.OperationalInsights/workspaces/savedSearches",
            "apiVersion": "2015-03-20",
            "name": "[concat(parameters('workspaces_defaultworkspace_dd3dfec0_514d_4833_9456_f65c43d1d083_eau_name'), '/LogManagement(', parameters('workspaces_defaultworkspace_dd3dfec0_514d_4833_9456_f65c43d1d083_eau_name'), ')_LogManagement|EventsByEventsID')]",
            "dependsOn": [
                "[resourceId('Microsoft.OperationalInsights/workspaces', parameters('workspaces_defaultworkspace_dd3dfec0_514d_4833_9456_f65c43d1d083_eau_name'))]"
            ],
            "properties": {
                "DisplayName": "Count of Events grouped by Event ID",
                "Category": "Log Management",
                "Query": "Event | summarize AggregatedValue = count() by EventID\r\n// Oql: Type=Event | Measure count() by EventID // Args: {OQ: True; WorkspaceId: 00000000-0000-0000-0000-000000000000} // Settings: {PTT: True; SortI: True; SortF: True} // Version: 0.1.122",
                "Version": 2
            }
        },
        {
            "type": "Microsoft.OperationalInsights/workspaces/savedSearches",
            "apiVersion": "2015-03-20",
            "name": "[concat(parameters('workspaces_defaultworkspace_dd3dfec0_514d_4833_9456_f65c43d1d083_eau_name'), '/LogManagement(', parameters('workspaces_defaultworkspace_dd3dfec0_514d_4833_9456_f65c43d1d083_eau_name'), ')_LogManagement|EventsByEventSource')]",
            "dependsOn": [
                "[resourceId('Microsoft.OperationalInsights/workspaces', parameters('workspaces_defaultworkspace_dd3dfec0_514d_4833_9456_f65c43d1d083_eau_name'))]"
            ],
            "properties": {
                "DisplayName": "Count of Events grouped by Event Source",
                "Category": "Log Management",
                "Query": "Event | summarize AggregatedValue = count() by Source\r\n// Oql: Type=Event | Measure count() by Source // Args: {OQ: True; WorkspaceId: 00000000-0000-0000-0000-000000000000} // Settings: {PTT: True; SortI: True; SortF: True} // Version: 0.1.122",
                "Version": 2
            }
        },
        {
            "type": "Microsoft.OperationalInsights/workspaces/savedSearches",
            "apiVersion": "2015-03-20",
            "name": "[concat(parameters('workspaces_defaultworkspace_dd3dfec0_514d_4833_9456_f65c43d1d083_eau_name'), '/LogManagement(', parameters('workspaces_defaultworkspace_dd3dfec0_514d_4833_9456_f65c43d1d083_eau_name'), ')_LogManagement|EventsInOMBetween2000to3000')]",
            "dependsOn": [
                "[resourceId('Microsoft.OperationalInsights/workspaces', parameters('workspaces_defaultworkspace_dd3dfec0_514d_4833_9456_f65c43d1d083_eau_name'))]"
            ],
            "properties": {
                "DisplayName": "Events in the Operations Manager Event Log whose Event ID is in the range between 2000 and 3000",
                "Category": "Log Management",
                "Query": "Event | where EventLog == \"Operations Manager\" and EventID >= 2000 and EventID <= 3000 | sort by TimeGenerated desc\r\n// Oql: Type=Event EventLog=\"Operations Manager\" EventID:[2000..3000] // Args: {OQ: True; WorkspaceId: 00000000-0000-0000-0000-000000000000} // Settings: {PTT: True; SortI: True; SortF: True} // Version: 0.1.122",
                "Version": 2
            }
        },
        {
            "type": "Microsoft.OperationalInsights/workspaces/savedSearches",
            "apiVersion": "2015-03-20",
            "name": "[concat(parameters('workspaces_defaultworkspace_dd3dfec0_514d_4833_9456_f65c43d1d083_eau_name'), '/LogManagement(', parameters('workspaces_defaultworkspace_dd3dfec0_514d_4833_9456_f65c43d1d083_eau_name'), ')_LogManagement|EventsWithStartedinEventID')]",
            "dependsOn": [
                "[resourceId('Microsoft.OperationalInsights/workspaces', parameters('workspaces_defaultworkspace_dd3dfec0_514d_4833_9456_f65c43d1d083_eau_name'))]"
            ],
            "properties": {
                "DisplayName": "Count of Events containing the word \"started\" grouped by EventID",
                "Category": "Log Management",
                "Query": "search in (Event) \"started\" | summarize AggregatedValue = count() by EventID\r\n// Oql: Type=Event \"started\" | Measure count() by EventID // Args: {OQ: True; WorkspaceId: 00000000-0000-0000-0000-000000000000} // Settings: {PTT: True; SortI: True; SortF: True} // Version: 0.1.122",
                "Version": 2
            }
        },
        {
            "type": "Microsoft.OperationalInsights/workspaces/savedSearches",
            "apiVersion": "2015-03-20",
            "name": "[concat(parameters('workspaces_defaultworkspace_dd3dfec0_514d_4833_9456_f65c43d1d083_eau_name'), '/LogManagement(', parameters('workspaces_defaultworkspace_dd3dfec0_514d_4833_9456_f65c43d1d083_eau_name'), ')_LogManagement|FindMaximumTimeTakenForEachPage')]",
            "dependsOn": [
                "[resourceId('Microsoft.OperationalInsights/workspaces', parameters('workspaces_defaultworkspace_dd3dfec0_514d_4833_9456_f65c43d1d083_eau_name'))]"
            ],
            "properties": {
                "DisplayName": "Find the maximum time taken for each page",
                "Category": "Log Management",
                "Query": "search * | extend Type = $table | where Type == W3CIISLog | summarize AggregatedValue = max(TimeTaken) by csUriStem\r\n// Oql: Type=W3CIISLog | Measure Max(TimeTaken) by csUriStem // Args: {OQ: True; WorkspaceId: 00000000-0000-0000-0000-000000000000} // Settings: {PEF: True; SortI: True; SortF: True} // Version: 0.1.122",
                "Version": 2
            }
        },
        {
            "type": "Microsoft.OperationalInsights/workspaces/savedSearches",
            "apiVersion": "2015-03-20",
            "name": "[concat(parameters('workspaces_defaultworkspace_dd3dfec0_514d_4833_9456_f65c43d1d083_eau_name'), '/LogManagement(', parameters('workspaces_defaultworkspace_dd3dfec0_514d_4833_9456_f65c43d1d083_eau_name'), ')_LogManagement|IISLogEntriesForClientIP')]",
            "dependsOn": [
                "[resourceId('Microsoft.OperationalInsights/workspaces', parameters('workspaces_defaultworkspace_dd3dfec0_514d_4833_9456_f65c43d1d083_eau_name'))]"
            ],
            "properties": {
                "DisplayName": "IIS Log Entries for a specific client IP Address (replace with your own)",
                "Category": "Log Management",
                "Query": "search cIP == \"192.168.0.1\" | extend Type = $table | where Type == W3CIISLog | sort by TimeGenerated desc | project csUriStem, scBytes, csBytes, TimeTaken, scStatus\r\n// Oql: Type=W3CIISLog cIP=\"192.168.0.1\" | Select csUriStem,scBytes,csBytes,TimeTaken,scStatus // Args: {OQ: True; WorkspaceId: 00000000-0000-0000-0000-000000000000} // Settings: {PEF: True; SortI: True; SortF: True} // Version: 0.1.122",
                "Version": 2
            }
        },
        {
            "type": "Microsoft.OperationalInsights/workspaces/savedSearches",
            "apiVersion": "2015-03-20",
            "name": "[concat(parameters('workspaces_defaultworkspace_dd3dfec0_514d_4833_9456_f65c43d1d083_eau_name'), '/LogManagement(', parameters('workspaces_defaultworkspace_dd3dfec0_514d_4833_9456_f65c43d1d083_eau_name'), ')_LogManagement|ListAllIISLogEntries')]",
            "dependsOn": [
                "[resourceId('Microsoft.OperationalInsights/workspaces', parameters('workspaces_defaultworkspace_dd3dfec0_514d_4833_9456_f65c43d1d083_eau_name'))]"
            ],
            "properties": {
                "DisplayName": "All IIS Log Entries",
                "Category": "Log Management",
                "Query": "search * | extend Type = $table | where Type == W3CIISLog | sort by TimeGenerated desc\r\n// Oql: Type=W3CIISLog // Args: {OQ: True; WorkspaceId: 00000000-0000-0000-0000-000000000000} // Settings: {PEF: True; SortI: True; SortF: True} // Version: 0.1.122",
                "Version": 2
            }
        },
        {
            "type": "Microsoft.OperationalInsights/workspaces/savedSearches",
            "apiVersion": "2015-03-20",
            "name": "[concat(parameters('workspaces_defaultworkspace_dd3dfec0_514d_4833_9456_f65c43d1d083_eau_name'), '/LogManagement(', parameters('workspaces_defaultworkspace_dd3dfec0_514d_4833_9456_f65c43d1d083_eau_name'), ')_LogManagement|NoOfConnectionsToOMSDKService')]",
            "dependsOn": [
                "[resourceId('Microsoft.OperationalInsights/workspaces', parameters('workspaces_defaultworkspace_dd3dfec0_514d_4833_9456_f65c43d1d083_eau_name'))]"
            ],
            "properties": {
                "DisplayName": "How many connections to Operations Manager's SDK service by day",
                "Category": "Log Management",
                "Query": "Event | where EventID == 26328 and EventLog == \"Operations Manager\" | summarize AggregatedValue = count() by bin(TimeGenerated, 1d) | sort by TimeGenerated desc\r\n// Oql: Type=Event EventID=26328 EventLog=\"Operations Manager\" | Measure count() interval 1DAY // Args: {OQ: True; WorkspaceId: 00000000-0000-0000-0000-000000000000} // Settings: {PTT: True; SortI: True; SortF: True} // Version: 0.1.122",
                "Version": 2
            }
        },
        {
            "type": "Microsoft.OperationalInsights/workspaces/savedSearches",
            "apiVersion": "2015-03-20",
            "name": "[concat(parameters('workspaces_defaultworkspace_dd3dfec0_514d_4833_9456_f65c43d1d083_eau_name'), '/LogManagement(', parameters('workspaces_defaultworkspace_dd3dfec0_514d_4833_9456_f65c43d1d083_eau_name'), ')_LogManagement|ServerRestartTime')]",
            "dependsOn": [
                "[resourceId('Microsoft.OperationalInsights/workspaces', parameters('workspaces_defaultworkspace_dd3dfec0_514d_4833_9456_f65c43d1d083_eau_name'))]"
            ],
            "properties": {
                "DisplayName": "When did my servers initiate restart?",
                "Category": "Log Management",
                "Query": "search in (Event) \"shutdown\" and EventLog == \"System\" and Source == \"User32\" and EventID == 1074 | sort by TimeGenerated desc | project TimeGenerated, Computer\r\n// Oql: shutdown Type=Event EventLog=System Source=User32 EventID=1074 | Select TimeGenerated,Computer // Args: {OQ: True; WorkspaceId: 00000000-0000-0000-0000-000000000000} // Settings: {PTT: True; SortI: True; SortF: True} // Version: 0.1.122",
                "Version": 2
            }
        },
        {
            "type": "Microsoft.OperationalInsights/workspaces/savedSearches",
            "apiVersion": "2015-03-20",
            "name": "[concat(parameters('workspaces_defaultworkspace_dd3dfec0_514d_4833_9456_f65c43d1d083_eau_name'), '/LogManagement(', parameters('workspaces_defaultworkspace_dd3dfec0_514d_4833_9456_f65c43d1d083_eau_name'), ')_LogManagement|Show404PagesList')]",
            "dependsOn": [
                "[resourceId('Microsoft.OperationalInsights/workspaces', parameters('workspaces_defaultworkspace_dd3dfec0_514d_4833_9456_f65c43d1d083_eau_name'))]"
            ],
            "properties": {
                "DisplayName": "Shows which pages people are getting a 404 for",
                "Category": "Log Management",
                "Query": "search scStatus == 404 | extend Type = $table | where Type == W3CIISLog | summarize AggregatedValue = count() by csUriStem\r\n// Oql: Type=W3CIISLog scStatus=404 | Measure count() by csUriStem // Args: {OQ: True; WorkspaceId: 00000000-0000-0000-0000-000000000000} // Settings: {PEF: True; SortI: True; SortF: True} // Version: 0.1.122",
                "Version": 2
            }
        },
        {
            "type": "Microsoft.OperationalInsights/workspaces/savedSearches",
            "apiVersion": "2015-03-20",
            "name": "[concat(parameters('workspaces_defaultworkspace_dd3dfec0_514d_4833_9456_f65c43d1d083_eau_name'), '/LogManagement(', parameters('workspaces_defaultworkspace_dd3dfec0_514d_4833_9456_f65c43d1d083_eau_name'), ')_LogManagement|ShowServersThrowingInternalServerError')]",
            "dependsOn": [
                "[resourceId('Microsoft.OperationalInsights/workspaces', parameters('workspaces_defaultworkspace_dd3dfec0_514d_4833_9456_f65c43d1d083_eau_name'))]"
            ],
            "properties": {
                "DisplayName": "Shows servers that are throwing internal server error",
                "Category": "Log Management",
                "Query": "search scStatus == 500 | extend Type = $table | where Type == W3CIISLog | summarize AggregatedValue = count() by sComputerName\r\n// Oql: Type=W3CIISLog scStatus=500 | Measure count() by sComputerName // Args: {OQ: True; WorkspaceId: 00000000-0000-0000-0000-000000000000} // Settings: {PEF: True; SortI: True; SortF: True} // Version: 0.1.122",
                "Version": 2
            }
        },
        {
            "type": "Microsoft.OperationalInsights/workspaces/savedSearches",
            "apiVersion": "2015-03-20",
            "name": "[concat(parameters('workspaces_defaultworkspace_dd3dfec0_514d_4833_9456_f65c43d1d083_eau_name'), '/LogManagement(', parameters('workspaces_defaultworkspace_dd3dfec0_514d_4833_9456_f65c43d1d083_eau_name'), ')_LogManagement|TotalBytesReceivedByEachAzureRoleInstance')]",
            "dependsOn": [
                "[resourceId('Microsoft.OperationalInsights/workspaces', parameters('workspaces_defaultworkspace_dd3dfec0_514d_4833_9456_f65c43d1d083_eau_name'))]"
            ],
            "properties": {
                "DisplayName": "Total Bytes received by each Azure Role Instance",
                "Category": "Log Management",
                "Query": "search * | extend Type = $table | where Type == W3CIISLog | summarize AggregatedValue = sum(csBytes) by RoleInstance\r\n// Oql: Type=W3CIISLog | Measure Sum(csBytes) by RoleInstance // Args: {OQ: True; WorkspaceId: 00000000-0000-0000-0000-000000000000} // Settings: {PEF: True; SortI: True; SortF: True} // Version: 0.1.122",
                "Version": 2
            }
        },
        {
            "type": "Microsoft.OperationalInsights/workspaces/savedSearches",
            "apiVersion": "2015-03-20",
            "name": "[concat(parameters('workspaces_defaultworkspace_dd3dfec0_514d_4833_9456_f65c43d1d083_eau_name'), '/LogManagement(', parameters('workspaces_defaultworkspace_dd3dfec0_514d_4833_9456_f65c43d1d083_eau_name'), ')_LogManagement|TotalBytesReceivedByEachIISComputer')]",
            "dependsOn": [
                "[resourceId('Microsoft.OperationalInsights/workspaces', parameters('workspaces_defaultworkspace_dd3dfec0_514d_4833_9456_f65c43d1d083_eau_name'))]"
            ],
            "properties": {
                "DisplayName": "Total Bytes received by each IIS Computer",
                "Category": "Log Management",
                "Query": "search * | extend Type = $table | where Type == W3CIISLog | summarize AggregatedValue = sum(csBytes) by Computer | limit 500000\r\n// Oql: Type=W3CIISLog | Measure Sum(csBytes) by Computer | top 500000 // Args: {OQ: True; WorkspaceId: 00000000-0000-0000-0000-000000000000} // Settings: {PEF: True; SortI: True; SortF: True} // Version: 0.1.122",
                "Version": 2
            }
        },
        {
            "type": "Microsoft.OperationalInsights/workspaces/savedSearches",
            "apiVersion": "2015-03-20",
            "name": "[concat(parameters('workspaces_defaultworkspace_dd3dfec0_514d_4833_9456_f65c43d1d083_eau_name'), '/LogManagement(', parameters('workspaces_defaultworkspace_dd3dfec0_514d_4833_9456_f65c43d1d083_eau_name'), ')_LogManagement|TotalBytesRespondedToClientsByClientIPAddress')]",
            "dependsOn": [
                "[resourceId('Microsoft.OperationalInsights/workspaces', parameters('workspaces_defaultworkspace_dd3dfec0_514d_4833_9456_f65c43d1d083_eau_name'))]"
            ],
            "properties": {
                "DisplayName": "Total Bytes responded back to clients by Client IP Address",
                "Category": "Log Management",
                "Query": "search * | extend Type = $table | where Type == W3CIISLog | summarize AggregatedValue = sum(scBytes) by cIP\r\n// Oql: Type=W3CIISLog | Measure Sum(scBytes) by cIP // Args: {OQ: True; WorkspaceId: 00000000-0000-0000-0000-000000000000} // Settings: {PEF: True; SortI: True; SortF: True} // Version: 0.1.122",
                "Version": 2
            }
        },
        {
            "type": "Microsoft.OperationalInsights/workspaces/savedSearches",
            "apiVersion": "2015-03-20",
            "name": "[concat(parameters('workspaces_defaultworkspace_dd3dfec0_514d_4833_9456_f65c43d1d083_eau_name'), '/LogManagement(', parameters('workspaces_defaultworkspace_dd3dfec0_514d_4833_9456_f65c43d1d083_eau_name'), ')_LogManagement|TotalBytesRespondedToClientsByEachIISServerIPAddress')]",
            "dependsOn": [
                "[resourceId('Microsoft.OperationalInsights/workspaces', parameters('workspaces_defaultworkspace_dd3dfec0_514d_4833_9456_f65c43d1d083_eau_name'))]"
            ],
            "properties": {
                "DisplayName": "Total Bytes responded back to clients by each IIS ServerIP Address",
                "Category": "Log Management",
                "Query": "search * | extend Type = $table | where Type == W3CIISLog | summarize AggregatedValue = sum(scBytes) by sIP\r\n// Oql: Type=W3CIISLog | Measure Sum(scBytes) by sIP // Args: {OQ: True; WorkspaceId: 00000000-0000-0000-0000-000000000000} // Settings: {PEF: True; SortI: True; SortF: True} // Version: 0.1.122",
                "Version": 2
            }
        },
        {
            "type": "Microsoft.OperationalInsights/workspaces/savedSearches",
            "apiVersion": "2015-03-20",
            "name": "[concat(parameters('workspaces_defaultworkspace_dd3dfec0_514d_4833_9456_f65c43d1d083_eau_name'), '/LogManagement(', parameters('workspaces_defaultworkspace_dd3dfec0_514d_4833_9456_f65c43d1d083_eau_name'), ')_LogManagement|TotalBytesSentByClientIPAddress')]",
            "dependsOn": [
                "[resourceId('Microsoft.OperationalInsights/workspaces', parameters('workspaces_defaultworkspace_dd3dfec0_514d_4833_9456_f65c43d1d083_eau_name'))]"
            ],
            "properties": {
                "DisplayName": "Total Bytes sent by Client IP Address",
                "Category": "Log Management",
                "Query": "search * | extend Type = $table | where Type == W3CIISLog | summarize AggregatedValue = sum(csBytes) by cIP\r\n// Oql: Type=W3CIISLog | Measure Sum(csBytes) by cIP // Args: {OQ: True; WorkspaceId: 00000000-0000-0000-0000-000000000000} // Settings: {PEF: True; SortI: True; SortF: True} // Version: 0.1.122",
                "Version": 2
            }
        },
        {
            "type": "Microsoft.OperationalInsights/workspaces/savedSearches",
            "apiVersion": "2015-03-20",
            "name": "[concat(parameters('workspaces_defaultworkspace_dd3dfec0_514d_4833_9456_f65c43d1d083_eau_name'), '/LogManagement(', parameters('workspaces_defaultworkspace_dd3dfec0_514d_4833_9456_f65c43d1d083_eau_name'), ')_LogManagement|WarningEvents')]",
            "dependsOn": [
                "[resourceId('Microsoft.OperationalInsights/workspaces', parameters('workspaces_defaultworkspace_dd3dfec0_514d_4833_9456_f65c43d1d083_eau_name'))]"
            ],
            "properties": {
                "DisplayName": "All Events with level \"Warning\"",
                "Category": "Log Management",
                "Query": "Event | where EventLevelName == \"warning\" | sort by TimeGenerated desc\r\n// Oql: Type=Event EventLevelName=warning // Args: {OQ: True; WorkspaceId: 00000000-0000-0000-0000-000000000000} // Settings: {PTT: True; SortI: True; SortF: True} // Version: 0.1.122",
                "Version": 2
            }
        },
        {
            "type": "Microsoft.OperationalInsights/workspaces/savedSearches",
            "apiVersion": "2015-03-20",
            "name": "[concat(parameters('workspaces_defaultworkspace_dd3dfec0_514d_4833_9456_f65c43d1d083_eau_name'), '/LogManagement(', parameters('workspaces_defaultworkspace_dd3dfec0_514d_4833_9456_f65c43d1d083_eau_name'), ')_LogManagement|WindowsFireawallPolicySettingsChanged')]",
            "dependsOn": [
                "[resourceId('Microsoft.OperationalInsights/workspaces', parameters('workspaces_defaultworkspace_dd3dfec0_514d_4833_9456_f65c43d1d083_eau_name'))]"
            ],
            "properties": {
                "DisplayName": "Windows Firewall Policy settings have changed",
                "Category": "Log Management",
                "Query": "Event | where EventLog == \"Microsoft-Windows-Windows Firewall With Advanced Security/Firewall\" and EventID == 2008 | sort by TimeGenerated desc\r\n// Oql: Type=Event EventLog=\"Microsoft-Windows-Windows Firewall With Advanced Security/Firewall\" EventID=2008 // Args: {OQ: True; WorkspaceId: 00000000-0000-0000-0000-000000000000} // Settings: {PTT: True; SortI: True; SortF: True} // Version: 0.1.122",
                "Version": 2
            }
        },
        {
            "type": "Microsoft.OperationalInsights/workspaces/savedSearches",
            "apiVersion": "2015-03-20",
            "name": "[concat(parameters('workspaces_defaultworkspace_dd3dfec0_514d_4833_9456_f65c43d1d083_eau_name'), '/LogManagement(', parameters('workspaces_defaultworkspace_dd3dfec0_514d_4833_9456_f65c43d1d083_eau_name'), ')_LogManagement|WindowsFireawallPolicySettingsChangedByMachines')]",
            "dependsOn": [
                "[resourceId('Microsoft.OperationalInsights/workspaces', parameters('workspaces_defaultworkspace_dd3dfec0_514d_4833_9456_f65c43d1d083_eau_name'))]"
            ],
            "properties": {
                "DisplayName": "On which machines and how many times have Windows Firewall Policy settings changed",
                "Category": "Log Management",
                "Query": "Event | where EventLog == \"Microsoft-Windows-Windows Firewall With Advanced Security/Firewall\" and EventID == 2008 | summarize AggregatedValue = count() by Computer | limit 500000\r\n// Oql: Type=Event EventLog=\"Microsoft-Windows-Windows Firewall With Advanced Security/Firewall\" EventID=2008 | measure count() by Computer | top 500000 // Args: {OQ: True; WorkspaceId: 00000000-0000-0000-0000-000000000000} // Settings: {PTT: True; SortI: True; SortF: True} // Version: 0.1.122",
                "Version": 2
            }
        },
        {
            "type": "Microsoft.OperationalInsights/workspaces/savedSearches",
            "apiVersion": "2015-03-20",
            "name": "[concat(parameters('workspaces_defaultworkspace_dd3dfec0_514d_4833_9456_f65c43d1d083_eau_name'), '/Security(', parameters('workspaces_defaultworkspace_dd3dfec0_514d_4833_9456_f65c43d1d083_eau_name'), ')_AccountsWhoTerminatedMicrosoftAntimalware')]",
            "dependsOn": [
                "[resourceId('Microsoft.OperationalInsights/workspaces', parameters('workspaces_defaultworkspace_dd3dfec0_514d_4833_9456_f65c43d1d083_eau_name'))]"
            ],
            "properties": {
                "DisplayName": "Accounts who terminated Microsoft antimalware (\"MsMpEng.exe\") on any computer",
                "Category": "Security",
                "Query": "search in (SecurityEvent) EventID == 4689 and \"MsMpEng.exe\" | summarize TerminationCount = count() by Account",
                "Version": 2
            }
        },
        {
            "type": "Microsoft.OperationalInsights/workspaces/savedSearches",
            "apiVersion": "2015-03-20",
            "name": "[concat(parameters('workspaces_defaultworkspace_dd3dfec0_514d_4833_9456_f65c43d1d083_eau_name'), '/Security(', parameters('workspaces_defaultworkspace_dd3dfec0_514d_4833_9456_f65c43d1d083_eau_name'), ')_AllSecurityActivities')]",
            "dependsOn": [
                "[resourceId('Microsoft.OperationalInsights/workspaces', parameters('workspaces_defaultworkspace_dd3dfec0_514d_4833_9456_f65c43d1d083_eau_name'))]"
            ],
            "properties": {
                "DisplayName": "All Security Activities",
                "Category": "Security",
                "Query": "search in (SecurityEvent) * | project TimeGenerated, Account, Activity, Computer | sort by TimeGenerated desc",
                "Version": 2
            }
        },
        {
            "type": "Microsoft.OperationalInsights/workspaces/savedSearches",
            "apiVersion": "2015-03-20",
            "name": "[concat(parameters('workspaces_defaultworkspace_dd3dfec0_514d_4833_9456_f65c43d1d083_eau_name'), '/Security(', parameters('workspaces_defaultworkspace_dd3dfec0_514d_4833_9456_f65c43d1d083_eau_name'), ')_DevicesWhereHashWasExecuted')]",
            "dependsOn": [
                "[resourceId('Microsoft.OperationalInsights/workspaces', parameters('workspaces_defaultworkspace_dd3dfec0_514d_4833_9456_f65c43d1d083_eau_name'))]"
            ],
            "properties": {
                "DisplayName": "Computers where \"hash.exe\" was executed (replace with different process name) more than 5 times",
                "Category": "Security",
                "Query": "search in (SecurityEvent) EventID == 4688 and \"hash.exe\" | summarize ExecutionCount = count() by Computer | limit 500000 | where ExecutionCount > 5",
                "Version": 2
            }
        },
        {
            "type": "Microsoft.OperationalInsights/workspaces/savedSearches",
            "apiVersion": "2015-03-20",
            "name": "[concat(parameters('workspaces_defaultworkspace_dd3dfec0_514d_4833_9456_f65c43d1d083_eau_name'), '/Security(', parameters('workspaces_defaultworkspace_dd3dfec0_514d_4833_9456_f65c43d1d083_eau_name'), ')_DevicesWhereTheMicrosoftAntimalwareProcessTerminated')]",
            "dependsOn": [
                "[resourceId('Microsoft.OperationalInsights/workspaces', parameters('workspaces_defaultworkspace_dd3dfec0_514d_4833_9456_f65c43d1d083_eau_name'))]"
            ],
            "properties": {
                "DisplayName": "Computers where the Microsoft antimalware process (\"MsMpEng.exe\") was terminated",
                "Category": "Security",
                "Query": "search in (SecurityEvent) EventID == 4689 and \"MsMpEng.exe\" | summarize TerminationCount = count() by Computer | limit 500000",
                "Version": 2
            }
        },
        {
            "type": "Microsoft.OperationalInsights/workspaces/savedSearches",
            "apiVersion": "2015-03-20",
            "name": "[concat(parameters('workspaces_defaultworkspace_dd3dfec0_514d_4833_9456_f65c43d1d083_eau_name'), '/Security(', parameters('workspaces_defaultworkspace_dd3dfec0_514d_4833_9456_f65c43d1d083_eau_name'), ')_DevicesWithSecurityLogCleared')]",
            "dependsOn": [
                "[resourceId('Microsoft.OperationalInsights/workspaces', parameters('workspaces_defaultworkspace_dd3dfec0_514d_4833_9456_f65c43d1d083_eau_name'))]"
            ],
            "properties": {
                "DisplayName": "Computers whose security log was cleared",
                "Category": "Security",
                "Query": "search in (SecurityEvent) EventID == 1102 | summarize LogClearedCount = count() by Computer | limit 500000",
                "Version": 2
            }
        },
        {
            "type": "Microsoft.OperationalInsights/workspaces/savedSearches",
            "apiVersion": "2015-03-20",
            "name": "[concat(parameters('workspaces_defaultworkspace_dd3dfec0_514d_4833_9456_f65c43d1d083_eau_name'), '/Security(', parameters('workspaces_defaultworkspace_dd3dfec0_514d_4833_9456_f65c43d1d083_eau_name'), ')_LogonActivitybyAccount')]",
            "dependsOn": [
                "[resourceId('Microsoft.OperationalInsights/workspaces', parameters('workspaces_defaultworkspace_dd3dfec0_514d_4833_9456_f65c43d1d083_eau_name'))]"
            ],
            "properties": {
                "DisplayName": "Logon Activity by Account",
                "Category": "Security",
                "Query": "search in (SecurityEvent) EventID == 4624 | summarize LogonCount = count() by Account",
                "Version": 2
            }
        },
        {
            "type": "Microsoft.OperationalInsights/workspaces/savedSearches",
            "apiVersion": "2015-03-20",
            "name": "[concat(parameters('workspaces_defaultworkspace_dd3dfec0_514d_4833_9456_f65c43d1d083_eau_name'), '/Security(', parameters('workspaces_defaultworkspace_dd3dfec0_514d_4833_9456_f65c43d1d083_eau_name'), ')_LogonActivitybyDevice')]",
            "dependsOn": [
                "[resourceId('Microsoft.OperationalInsights/workspaces', parameters('workspaces_defaultworkspace_dd3dfec0_514d_4833_9456_f65c43d1d083_eau_name'))]"
            ],
            "properties": {
                "DisplayName": "Logon Activity by Computer",
                "Category": "Security",
                "Query": "search in (SecurityEvent) EventID == 4624 | summarize LogonCount = count() by Computer | limit 500000",
                "Version": 2
            }
        },
        {
            "type": "Microsoft.OperationalInsights/workspaces/savedSearches",
            "apiVersion": "2015-03-20",
            "name": "[concat(parameters('workspaces_defaultworkspace_dd3dfec0_514d_4833_9456_f65c43d1d083_eau_name'), '/Security(', parameters('workspaces_defaultworkspace_dd3dfec0_514d_4833_9456_f65c43d1d083_eau_name'), ')_LogonActivityByDeviceWithMoreThan10Logons')]",
            "dependsOn": [
                "[resourceId('Microsoft.OperationalInsights/workspaces', parameters('workspaces_defaultworkspace_dd3dfec0_514d_4833_9456_f65c43d1d083_eau_name'))]"
            ],
            "properties": {
                "DisplayName": "Logon Activity by Computer Where More than 10 logons have happened",
                "Category": "Security",
                "Query": "search in (SecurityEvent) EventID == 4624 | summarize LogonCount = count() by Computer | limit 500000 | where LogonCount > 10",
                "Version": 2
            }
        },
        {
            "type": "Microsoft.OperationalInsights/workspaces/savedSearches",
            "apiVersion": "2015-03-20",
            "name": "[concat(parameters('workspaces_defaultworkspace_dd3dfec0_514d_4833_9456_f65c43d1d083_eau_name'), '/Security(', parameters('workspaces_defaultworkspace_dd3dfec0_514d_4833_9456_f65c43d1d083_eau_name'), ')_LogonActivityforUsersWith5timesActivity')]",
            "dependsOn": [
                "[resourceId('Microsoft.OperationalInsights/workspaces', parameters('workspaces_defaultworkspace_dd3dfec0_514d_4833_9456_f65c43d1d083_eau_name'))]"
            ],
            "properties": {
                "DisplayName": "Logon Activity by Account for accounts who only logged on less than 5 times",
                "Category": "Security",
                "Query": "search in (SecurityEvent) EventID == 4624 | summarize LogonCount = count() by Account | where LogonCount < 5",
                "Version": 2
            }
        },
        {
            "type": "Microsoft.OperationalInsights/workspaces/savedSearches",
            "apiVersion": "2015-03-20",
            "name": "[concat(parameters('workspaces_defaultworkspace_dd3dfec0_514d_4833_9456_f65c43d1d083_eau_name'), '/Security(', parameters('workspaces_defaultworkspace_dd3dfec0_514d_4833_9456_f65c43d1d083_eau_name'), ')_ProcessNamesExecuted')]",
            "dependsOn": [
                "[resourceId('Microsoft.OperationalInsights/workspaces', parameters('workspaces_defaultworkspace_dd3dfec0_514d_4833_9456_f65c43d1d083_eau_name'))]"
            ],
            "properties": {
                "DisplayName": "All Process names that were executed",
                "Category": "Security",
                "Query": "search in (SecurityEvent) EventID == 4688 | summarize ExecutionCount = count() by NewProcessName",
                "Version": 2
            }
        },
        {
            "type": "Microsoft.OperationalInsights/workspaces/savedSearches",
            "apiVersion": "2015-03-20",
            "name": "[concat(parameters('workspaces_defaultworkspace_dd3dfec0_514d_4833_9456_f65c43d1d083_eau_name'), '/Security(', parameters('workspaces_defaultworkspace_dd3dfec0_514d_4833_9456_f65c43d1d083_eau_name'), ')_RemotedLoggedAccountsOnDevices')]",
            "dependsOn": [
                "[resourceId('Microsoft.OperationalInsights/workspaces', parameters('workspaces_defaultworkspace_dd3dfec0_514d_4833_9456_f65c43d1d083_eau_name'))]"
            ],
            "properties": {
                "DisplayName": "Accounts who remotely logged on the computer \"Computer01.contoso.com\" (replace with your own computer name)",
                "Category": "Security",
                "Query": "search in (SecurityEvent) EventID == 4624 and (LogonTypeName == \"3 - Network\" or LogonTypeName == \"10 - RemoteInteractive\") and Computer == \"Computer01.contoso.com\" | summarize RemoteLogonCount = count() by Account",
                "Version": 2
            }
        },
        {
            "type": "Microsoft.OperationalInsights/workspaces/savedSearches",
            "apiVersion": "2015-03-20",
            "name": "[concat(parameters('workspaces_defaultworkspace_dd3dfec0_514d_4833_9456_f65c43d1d083_eau_name'), '/Security(', parameters('workspaces_defaultworkspace_dd3dfec0_514d_4833_9456_f65c43d1d083_eau_name'), ')_SecurityActivitiesonTheDeviceDevice01')]",
            "dependsOn": [
                "[resourceId('Microsoft.OperationalInsights/workspaces', parameters('workspaces_defaultworkspace_dd3dfec0_514d_4833_9456_f65c43d1d083_eau_name'))]"
            ],
            "properties": {
                "DisplayName": "Security Activities on the computer \"Computer01.contoso.com\" (replace with your own computer name)",
                "Category": "Security",
                "Query": "search in (SecurityEvent) Computer == \"COMPUTER01.contoso.com\" | project TimeGenerated, Account, Activity, Computer | sort by TimeGenerated desc",
                "Version": 2
            }
        },
        {
            "type": "Microsoft.OperationalInsights/workspaces/savedSearches",
            "apiVersion": "2015-03-20",
            "name": "[concat(parameters('workspaces_defaultworkspace_dd3dfec0_514d_4833_9456_f65c43d1d083_eau_name'), '/Security(', parameters('workspaces_defaultworkspace_dd3dfec0_514d_4833_9456_f65c43d1d083_eau_name'), ')_SecurityActivitiesonTheDeviceDevice01ForAdmin')]",
            "dependsOn": [
                "[resourceId('Microsoft.OperationalInsights/workspaces', parameters('workspaces_defaultworkspace_dd3dfec0_514d_4833_9456_f65c43d1d083_eau_name'))]"
            ],
            "properties": {
                "DisplayName": "Security Activities on the computer \"COMPUTER01.contoso.com\" for account \"Administrator\" (replace with your own computer and account names)",
                "Category": "Security",
                "Query": "search in (SecurityEvent) Computer == \"COMPUTER01.contoso.com\" and TargetUserName == \"Administrator\" | project TimeGenerated, Account, Activity, Computer | sort by TimeGenerated desc",
                "Version": 2
            }
        },
        {
            "type": "Microsoft.OperationalInsights/workspaces/savedSearches",
            "apiVersion": "2015-03-20",
            "name": "[concat(parameters('workspaces_defaultworkspace_dd3dfec0_514d_4833_9456_f65c43d1d083_eau_name'), '/Security(', parameters('workspaces_defaultworkspace_dd3dfec0_514d_4833_9456_f65c43d1d083_eau_name'), ')_SecurityCriticalNotableIssues|ComputersMissingSecurityUpdates')]",
            "dependsOn": [
                "[resourceId('Microsoft.OperationalInsights/workspaces', parameters('workspaces_defaultworkspace_dd3dfec0_514d_4833_9456_f65c43d1d083_eau_name'))]"
            ],
            "properties": {
                "DisplayName": "Computers missing security updates",
                "Category": "Security Critical Notable Issues",
                "Query": "Update | where UpdateState == 'Needed' and Optional == false and Classification == 'Security Updates' and Approved != false | summarize count() by Computer",
                "Version": 2
            }
        },
        {
            "type": "Microsoft.OperationalInsights/workspaces/savedSearches",
            "apiVersion": "2015-03-20",
            "name": "[concat(parameters('workspaces_defaultworkspace_dd3dfec0_514d_4833_9456_f65c43d1d083_eau_name'), '/Security(', parameters('workspaces_defaultworkspace_dd3dfec0_514d_4833_9456_f65c43d1d083_eau_name'), ')_SecurityCriticalNotableIssues|ComputersWithDetectedThreats')]",
            "dependsOn": [
                "[resourceId('Microsoft.OperationalInsights/workspaces', parameters('workspaces_defaultworkspace_dd3dfec0_514d_4833_9456_f65c43d1d083_eau_name'))]"
            ],
            "properties": {
                "DisplayName": "Computers with detected threats",
                "Category": "Security Critical Notable Issues",
                "Query": "ProtectionStatus | summarize (TimeGenerated, ThreatStatusRank) = argmax(TimeGenerated, ThreatStatusRank) by Computer | where ThreatStatusRank > 199 and ThreatStatusRank != 470",
                "Version": 2
            }
        },
        {
            "type": "Microsoft.OperationalInsights/workspaces/savedSearches",
            "apiVersion": "2015-03-20",
            "name": "[concat(parameters('workspaces_defaultworkspace_dd3dfec0_514d_4833_9456_f65c43d1d083_eau_name'), '/Security(', parameters('workspaces_defaultworkspace_dd3dfec0_514d_4833_9456_f65c43d1d083_eau_name'), ')_SecurityCriticalNotableIssues|ComputersWithGuestAccountLogons')]",
            "dependsOn": [
                "[resourceId('Microsoft.OperationalInsights/workspaces', parameters('workspaces_defaultworkspace_dd3dfec0_514d_4833_9456_f65c43d1d083_eau_name'))]"
            ],
            "properties": {
                "DisplayName": "Computer with guest account logons",
                "Category": "Security Critical Notable Issues",
                "Query": "SecurityEvent | where EventID == 4624 and TargetUserName == 'Guest' and LogonType in (10, 3) | summarize count() by Computer",
                "Version": 2
            }
        },
        {
            "type": "Microsoft.OperationalInsights/workspaces/savedSearches",
            "apiVersion": "2015-03-20",
            "name": "[concat(parameters('workspaces_defaultworkspace_dd3dfec0_514d_4833_9456_f65c43d1d083_eau_name'), '/Security(', parameters('workspaces_defaultworkspace_dd3dfec0_514d_4833_9456_f65c43d1d083_eau_name'), ')_SecurityCriticalNotableIssues|DistinctMaliciousIPAddressesAccessed')]",
            "dependsOn": [
                "[resourceId('Microsoft.OperationalInsights/workspaces', parameters('workspaces_defaultworkspace_dd3dfec0_514d_4833_9456_f65c43d1d083_eau_name'))]"
            ],
            "properties": {
                "DisplayName": "Distinct malicious IP addresses accessed",
                "Category": "Security Critical Notable Issues",
                "Query": "union isfuzzy=true (WireData | where Direction == 'Outbound'), (WindowsFirewall | where CommunicationDirection == 'SEND'), (CommonSecurityLog | where CommunicationDirection == 'Outbound') | where isnotempty(MaliciousIP) | summarize by MaliciousIP",
                "Version": 2
            }
        },
        {
            "type": "Microsoft.OperationalInsights/workspaces/savedSearches",
            "apiVersion": "2015-03-20",
            "name": "[concat(parameters('workspaces_defaultworkspace_dd3dfec0_514d_4833_9456_f65c43d1d083_eau_name'), '/Security(', parameters('workspaces_defaultworkspace_dd3dfec0_514d_4833_9456_f65c43d1d083_eau_name'), ')_SecurityCriticalNotableIssues|HighPriorityADAssessmentSecurityRecommendations')]",
            "dependsOn": [
                "[resourceId('Microsoft.OperationalInsights/workspaces', parameters('workspaces_defaultworkspace_dd3dfec0_514d_4833_9456_f65c43d1d083_eau_name'))]"
            ],
            "properties": {
                "DisplayName": "High priority Active Directory assessment security recommendations",
                "Category": "Security Critical Notable Issues",
                "Query": "let schemaColumns = datatable(TimeGenerated:datetime, RecommendationId:string)[]; union isfuzzy=true schemaColumns, (ADAssessmentRecommendation | where FocusArea == 'Security and Compliance' and RecommendationResult == 'Failed' and RecommendationScore>=35) | summarize arg_max(TimeGenerated, *) by RecommendationId",
                "Version": 2
            }
        },
        {
            "type": "Microsoft.OperationalInsights/workspaces/savedSearches",
            "apiVersion": "2015-03-20",
            "name": "[concat(parameters('workspaces_defaultworkspace_dd3dfec0_514d_4833_9456_f65c43d1d083_eau_name'), '/Security(', parameters('workspaces_defaultworkspace_dd3dfec0_514d_4833_9456_f65c43d1d083_eau_name'), ')_SecurityCriticalNotableIssues|HighPrioritySQLAssessmentSecurityRecommendations')]",
            "dependsOn": [
                "[resourceId('Microsoft.OperationalInsights/workspaces', parameters('workspaces_defaultworkspace_dd3dfec0_514d_4833_9456_f65c43d1d083_eau_name'))]"
            ],
            "properties": {
                "DisplayName": "High priority SQL assessment security recommendations",
                "Category": "Security Critical Notable Issues",
                "Query": "let schemaColumns = datatable(TimeGenerated:datetime, RecommendationId:string)[]; union isfuzzy=true schemaColumns, (SQLAssessmentRecommendation | where FocusArea == 'Security and Compliance' and RecommendationResult == 'Failed' and RecommendationScore>=35) | summarize arg_max(TimeGenerated, *) by RecommendationId",
                "Version": 2
            }
        },
        {
            "type": "Microsoft.OperationalInsights/workspaces/savedSearches",
            "apiVersion": "2015-03-20",
            "name": "[concat(parameters('workspaces_defaultworkspace_dd3dfec0_514d_4833_9456_f65c43d1d083_eau_name'), '/Security(', parameters('workspaces_defaultworkspace_dd3dfec0_514d_4833_9456_f65c43d1d083_eau_name'), ')_SecurityInfoNotableIssues|AccountsFailedToLogon')]",
            "dependsOn": [
                "[resourceId('Microsoft.OperationalInsights/workspaces', parameters('workspaces_defaultworkspace_dd3dfec0_514d_4833_9456_f65c43d1d083_eau_name'))]"
            ],
            "properties": {
                "DisplayName": "Accounts failed to log on",
                "Category": "Security Info Notable Issues",
                "Query": "SecurityEvent | where EventID == 4625 | summarize count() by TargetAccount",
                "Version": 2
            }
        },
        {
            "type": "Microsoft.OperationalInsights/workspaces/savedSearches",
            "apiVersion": "2015-03-20",
            "name": "[concat(parameters('workspaces_defaultworkspace_dd3dfec0_514d_4833_9456_f65c43d1d083_eau_name'), '/Security(', parameters('workspaces_defaultworkspace_dd3dfec0_514d_4833_9456_f65c43d1d083_eau_name'), ')_SecurityInfoNotableIssues|Auditd_AccountsFailedToLogin')]",
            "dependsOn": [
                "[resourceId('Microsoft.OperationalInsights/workspaces', parameters('workspaces_defaultworkspace_dd3dfec0_514d_4833_9456_f65c43d1d083_eau_name'))]"
            ],
            "properties": {
                "DisplayName": "Accounts failed to login (Linux)",
                "Category": "Security Info Notable Issues",
                "Query": "LinuxAuditLog | where RecordType == 'user_login' and res != 'success' | summarize count() by acct",
                "Version": 2
            }
        },
        {
            "type": "Microsoft.OperationalInsights/workspaces/savedSearches",
            "apiVersion": "2015-03-20",
            "name": "[concat(parameters('workspaces_defaultworkspace_dd3dfec0_514d_4833_9456_f65c43d1d083_eau_name'), '/Security(', parameters('workspaces_defaultworkspace_dd3dfec0_514d_4833_9456_f65c43d1d083_eau_name'), ')_SecurityInfoNotableIssues|Auditd_ExecutedCommands')]",
            "dependsOn": [
                "[resourceId('Microsoft.OperationalInsights/workspaces', parameters('workspaces_defaultworkspace_dd3dfec0_514d_4833_9456_f65c43d1d083_eau_name'))]"
            ],
            "properties": {
                "DisplayName": "Executed Commands (Linux)",
                "Category": "Security Info Notable Issues",
                "Query": "LinuxAuditLog | where RecordType == 'syscall' and syscall == 'execve' | summarize count() by cmd",
                "Version": 2
            }
        },
        {
            "type": "Microsoft.OperationalInsights/workspaces/savedSearches",
            "apiVersion": "2015-03-20",
            "name": "[concat(parameters('workspaces_defaultworkspace_dd3dfec0_514d_4833_9456_f65c43d1d083_eau_name'), '/Security(', parameters('workspaces_defaultworkspace_dd3dfec0_514d_4833_9456_f65c43d1d083_eau_name'), ')_SecurityInfoNotableIssues|Auditd_LoadingOrUnloadingOfKernelModules')]",
            "dependsOn": [
                "[resourceId('Microsoft.OperationalInsights/workspaces', parameters('workspaces_defaultworkspace_dd3dfec0_514d_4833_9456_f65c43d1d083_eau_name'))]"
            ],
            "properties": {
                "DisplayName": "Loading or Unloading of Kernel modules (Linux)",
                "Category": "Security Info Notable Issues",
                "Query": "LinuxAuditLog | where key == 'kernelmodules' and RecordType != 'CONFIG_CHANGE'",
                "Version": 2
            }
        },
        {
            "type": "Microsoft.OperationalInsights/workspaces/savedSearches",
            "apiVersion": "2015-03-20",
            "name": "[concat(parameters('workspaces_defaultworkspace_dd3dfec0_514d_4833_9456_f65c43d1d083_eau_name'), '/Security(', parameters('workspaces_defaultworkspace_dd3dfec0_514d_4833_9456_f65c43d1d083_eau_name'), ')_SecurityInfoNotableIssues|Auditd_NumberOfDistinctLocationsOfProcessExecuted')]",
            "dependsOn": [
                "[resourceId('Microsoft.OperationalInsights/workspaces', parameters('workspaces_defaultworkspace_dd3dfec0_514d_4833_9456_f65c43d1d083_eau_name'))]"
            ],
            "properties": {
                "DisplayName": "Distinct paths of Executed Commands (Linux)",
                "Category": "Security Info Notable Issues",
                "Query": "LinuxAuditLog | where RecordType == 'syscall' and syscall == 'execve' | summarize count() by exe",
                "Version": 2
            }
        },
        {
            "type": "Microsoft.OperationalInsights/workspaces/savedSearches",
            "apiVersion": "2015-03-20",
            "name": "[concat(parameters('workspaces_defaultworkspace_dd3dfec0_514d_4833_9456_f65c43d1d083_eau_name'), '/Security(', parameters('workspaces_defaultworkspace_dd3dfec0_514d_4833_9456_f65c43d1d083_eau_name'), ')_SecurityInfoNotableIssues|ChangeOrResetPasswordsAttempts')]",
            "dependsOn": [
                "[resourceId('Microsoft.OperationalInsights/workspaces', parameters('workspaces_defaultworkspace_dd3dfec0_514d_4833_9456_f65c43d1d083_eau_name'))]"
            ],
            "properties": {
                "DisplayName": "Change or reset passwords attempts",
                "Category": "Security Info Notable Issues",
                "Query": "SecurityEvent | where EventID in (4723, 4724) | summarize count() by TargetAccount",
                "Version": 2
            }
        },
        {
            "type": "Microsoft.OperationalInsights/workspaces/savedSearches",
            "apiVersion": "2015-03-20",
            "name": "[concat(parameters('workspaces_defaultworkspace_dd3dfec0_514d_4833_9456_f65c43d1d083_eau_name'), '/Security(', parameters('workspaces_defaultworkspace_dd3dfec0_514d_4833_9456_f65c43d1d083_eau_name'), ')_SecurityInfoNotableIssues|ComputersWithCleanedEventLogs')]",
            "dependsOn": [
                "[resourceId('Microsoft.OperationalInsights/workspaces', parameters('workspaces_defaultworkspace_dd3dfec0_514d_4833_9456_f65c43d1d083_eau_name'))]"
            ],
            "properties": {
                "DisplayName": "Computers with cleaned event logs",
                "Category": "Security Info Notable Issues",
                "Query": "SecurityEvent | where EventID in (1102, 517) and EventSourceName == 'Microsoft-Windows-Eventlog' | summarize count() by Computer",
                "Version": 2
            }
        },
        {
            "type": "Microsoft.OperationalInsights/workspaces/savedSearches",
            "apiVersion": "2015-03-20",
            "name": "[concat(parameters('workspaces_defaultworkspace_dd3dfec0_514d_4833_9456_f65c43d1d083_eau_name'), '/Security(', parameters('workspaces_defaultworkspace_dd3dfec0_514d_4833_9456_f65c43d1d083_eau_name'), ')_SecurityInfoNotableIssues|ComputersWithFailedLinuxUserPasswordChange')]",
            "dependsOn": [
                "[resourceId('Microsoft.OperationalInsights/workspaces', parameters('workspaces_defaultworkspace_dd3dfec0_514d_4833_9456_f65c43d1d083_eau_name'))]"
            ],
            "properties": {
                "DisplayName": "Computers with failed Linux user password change",
                "Category": "Security Info Notable Issues",
                "Query": "Syslog | where Facility == 'authpriv' and ((SyslogMessage has 'passwd:chauthtok' and SyslogMessage has 'authentication failure') or SyslogMessage has 'password change failed') | summarize count() by Computer",
                "Version": 2
            }
        },
        {
            "type": "Microsoft.OperationalInsights/workspaces/savedSearches",
            "apiVersion": "2015-03-20",
            "name": "[concat(parameters('workspaces_defaultworkspace_dd3dfec0_514d_4833_9456_f65c43d1d083_eau_name'), '/Security(', parameters('workspaces_defaultworkspace_dd3dfec0_514d_4833_9456_f65c43d1d083_eau_name'), ')_SecurityInfoNotableIssues|ComputersWithFailedSshLogons')]",
            "dependsOn": [
                "[resourceId('Microsoft.OperationalInsights/workspaces', parameters('workspaces_defaultworkspace_dd3dfec0_514d_4833_9456_f65c43d1d083_eau_name'))]"
            ],
            "properties": {
                "DisplayName": "Computers with failed ssh logons",
                "Category": "Security Info Notable Issues",
                "Query": "Syslog | where (Facility == 'authpriv' and SyslogMessage has 'sshd:auth' and SyslogMessage has 'authentication failure') or (Facility == 'auth' and ((SyslogMessage has 'Failed' and SyslogMessage has 'invalid user' and SyslogMessage has 'ssh2') or SyslogMessage has 'error: PAM: Authentication failure')) | summarize count() by Computer",
                "Version": 2
            }
        },
        {
            "type": "Microsoft.OperationalInsights/workspaces/savedSearches",
            "apiVersion": "2015-03-20",
            "name": "[concat(parameters('workspaces_defaultworkspace_dd3dfec0_514d_4833_9456_f65c43d1d083_eau_name'), '/Security(', parameters('workspaces_defaultworkspace_dd3dfec0_514d_4833_9456_f65c43d1d083_eau_name'), ')_SecurityInfoNotableIssues|ComputersWithFailedSudoLogons')]",
            "dependsOn": [
                "[resourceId('Microsoft.OperationalInsights/workspaces', parameters('workspaces_defaultworkspace_dd3dfec0_514d_4833_9456_f65c43d1d083_eau_name'))]"
            ],
            "properties": {
                "DisplayName": "Computers with failed sudo logons",
                "Category": "Security Info Notable Issues",
                "Query": "Syslog | where (Facility == 'authpriv' and SyslogMessage has 'sudo:auth' and (SyslogMessage has 'authentication failure' or SyslogMessage has 'conversation failed')) or ((Facility == 'auth' or Facility == 'authpriv') and SyslogMessage has 'user NOT in sudoers') | summarize count() by Computer",
                "Version": 2
            }
        },
        {
            "type": "Microsoft.OperationalInsights/workspaces/savedSearches",
            "apiVersion": "2015-03-20",
            "name": "[concat(parameters('workspaces_defaultworkspace_dd3dfec0_514d_4833_9456_f65c43d1d083_eau_name'), '/Security(', parameters('workspaces_defaultworkspace_dd3dfec0_514d_4833_9456_f65c43d1d083_eau_name'), ')_SecurityInfoNotableIssues|ComputersWithFailedSuLogons')]",
            "dependsOn": [
                "[resourceId('Microsoft.OperationalInsights/workspaces', parameters('workspaces_defaultworkspace_dd3dfec0_514d_4833_9456_f65c43d1d083_eau_name'))]"
            ],
            "properties": {
                "DisplayName": "Computers with failed su logons",
                "Category": "Security Info Notable Issues",
                "Query": "Syslog | where (Facility == 'authpriv' and SyslogMessage has 'su:auth' and SyslogMessage has 'authentication failure') or (Facility == 'auth' and SyslogMessage has 'FAILED SU') | summarize count() by Computer",
                "Version": 2
            }
        },
        {
            "type": "Microsoft.OperationalInsights/workspaces/savedSearches",
            "apiVersion": "2015-03-20",
            "name": "[concat(parameters('workspaces_defaultworkspace_dd3dfec0_514d_4833_9456_f65c43d1d083_eau_name'), '/Security(', parameters('workspaces_defaultworkspace_dd3dfec0_514d_4833_9456_f65c43d1d083_eau_name'), ')_SecurityInfoNotableIssues|ComputersWithNewLinuxGroupCreated')]",
            "dependsOn": [
                "[resourceId('Microsoft.OperationalInsights/workspaces', parameters('workspaces_defaultworkspace_dd3dfec0_514d_4833_9456_f65c43d1d083_eau_name'))]"
            ],
            "properties": {
                "DisplayName": "Computers with new Linux group created",
                "Category": "Security Info Notable Issues",
                "Query": "Syslog | where Facility == 'authpriv' and SyslogMessage has 'new group' | summarize count() by Computer",
                "Version": 2
            }
        },
        {
            "type": "Microsoft.OperationalInsights/workspaces/savedSearches",
            "apiVersion": "2015-03-20",
            "name": "[concat(parameters('workspaces_defaultworkspace_dd3dfec0_514d_4833_9456_f65c43d1d083_eau_name'), '/Security(', parameters('workspaces_defaultworkspace_dd3dfec0_514d_4833_9456_f65c43d1d083_eau_name'), ')_SecurityInfoNotableIssues|ComputersWithUsersAddedToLinuxGroup')]",
            "dependsOn": [
                "[resourceId('Microsoft.OperationalInsights/workspaces', parameters('workspaces_defaultworkspace_dd3dfec0_514d_4833_9456_f65c43d1d083_eau_name'))]"
            ],
            "properties": {
                "DisplayName": "Computers with users added to a Linux group",
                "Category": "Security Info Notable Issues",
                "Query": "Syslog | where Facility == 'authpriv' and SyslogMessage has 'to group' and (SyslogMessage has 'add' or SyslogMessage has 'added') | summarize by Computer",
                "Version": 2
            }
        },
        {
            "type": "Microsoft.OperationalInsights/workspaces/savedSearches",
            "apiVersion": "2015-03-20",
            "name": "[concat(parameters('workspaces_defaultworkspace_dd3dfec0_514d_4833_9456_f65c43d1d083_eau_name'), '/Security(', parameters('workspaces_defaultworkspace_dd3dfec0_514d_4833_9456_f65c43d1d083_eau_name'), ')_SecurityInfoNotableIssues|DistinctClientsResolvingMaliciousDomains')]",
            "dependsOn": [
                "[resourceId('Microsoft.OperationalInsights/workspaces', parameters('workspaces_defaultworkspace_dd3dfec0_514d_4833_9456_f65c43d1d083_eau_name'))]"
            ],
            "properties": {
                "DisplayName": "Distinct clients resolving malicious domains",
                "Category": "Security Info Notable Issues",
                "Query": "let schemaColumns = datatable(ClientIP:string)[]; union isfuzzy=true schemaColumns, (DnsEvents | where SubType == 'LookupQuery' and isnotempty(MaliciousIP)) | summarize count() by ClientIP",
                "Version": 2
            }
        },
        {
            "type": "Microsoft.OperationalInsights/workspaces/savedSearches",
            "apiVersion": "2015-03-20",
            "name": "[concat(parameters('workspaces_defaultworkspace_dd3dfec0_514d_4833_9456_f65c43d1d083_eau_name'), '/Security(', parameters('workspaces_defaultworkspace_dd3dfec0_514d_4833_9456_f65c43d1d083_eau_name'), ')_SecurityInfoNotableIssues|LockedAccounts')]",
            "dependsOn": [
                "[resourceId('Microsoft.OperationalInsights/workspaces', parameters('workspaces_defaultworkspace_dd3dfec0_514d_4833_9456_f65c43d1d083_eau_name'))]"
            ],
            "properties": {
                "DisplayName": "Locked accounts",
                "Category": "Security Info Notable Issues",
                "Query": "SecurityEvent | where EventID == 4740 | summarize count() by TargetAccount",
                "Version": 2
            }
        },
        {
            "type": "Microsoft.OperationalInsights/workspaces/savedSearches",
            "apiVersion": "2015-03-20",
            "name": "[concat(parameters('workspaces_defaultworkspace_dd3dfec0_514d_4833_9456_f65c43d1d083_eau_name'), '/Security(', parameters('workspaces_defaultworkspace_dd3dfec0_514d_4833_9456_f65c43d1d083_eau_name'), ')_SecurityInfoNotableIssues|RemoteProcedureCallAttempts')]",
            "dependsOn": [
                "[resourceId('Microsoft.OperationalInsights/workspaces', parameters('workspaces_defaultworkspace_dd3dfec0_514d_4833_9456_f65c43d1d083_eau_name'))]"
            ],
            "properties": {
                "DisplayName": "Remote procedure call(RPC) attempts",
                "Category": "Security Info Notable Issues",
                "Query": "SecurityEvent | where EventID == 5712 | summarize count() by Computer",
                "Version": 2
            }
        },
        {
            "type": "Microsoft.OperationalInsights/workspaces/savedSearches",
            "apiVersion": "2015-03-20",
            "name": "[concat(parameters('workspaces_defaultworkspace_dd3dfec0_514d_4833_9456_f65c43d1d083_eau_name'), '/Security(', parameters('workspaces_defaultworkspace_dd3dfec0_514d_4833_9456_f65c43d1d083_eau_name'), ')_SecurityInfoNotableIssues|SecurityGroupsCreatedOrModified')]",
            "dependsOn": [
                "[resourceId('Microsoft.OperationalInsights/workspaces', parameters('workspaces_defaultworkspace_dd3dfec0_514d_4833_9456_f65c43d1d083_eau_name'))]"
            ],
            "properties": {
                "DisplayName": "Security groups created or modified",
                "Category": "Security Info Notable Issues",
                "Query": "SecurityEvent | where EventID in (4727, 4731, 4735, 4737, 4754, 4755) | summarize count() by TargetAccount",
                "Version": 2
            }
        },
        {
            "type": "Microsoft.OperationalInsights/workspaces/savedSearches",
            "apiVersion": "2015-03-20",
            "name": "[concat(parameters('workspaces_defaultworkspace_dd3dfec0_514d_4833_9456_f65c43d1d083_eau_name'), '/Security(', parameters('workspaces_defaultworkspace_dd3dfec0_514d_4833_9456_f65c43d1d083_eau_name'), ')_SecurityInfoNotableIssues|UserAccountsChanged')]",
            "dependsOn": [
                "[resourceId('Microsoft.OperationalInsights/workspaces', parameters('workspaces_defaultworkspace_dd3dfec0_514d_4833_9456_f65c43d1d083_eau_name'))]"
            ],
            "properties": {
                "DisplayName": "User accounts created or enabled",
                "Category": "Security Info Notable Issues",
                "Query": "SecurityEvent | where EventID in (4720, 4722) | summarize by TargetAccount",
                "Version": 2
            }
        },
        {
            "type": "Microsoft.OperationalInsights/workspaces/savedSearches",
            "apiVersion": "2015-03-20",
            "name": "[concat(parameters('workspaces_defaultworkspace_dd3dfec0_514d_4833_9456_f65c43d1d083_eau_name'), '/Security(', parameters('workspaces_defaultworkspace_dd3dfec0_514d_4833_9456_f65c43d1d083_eau_name'), ')_SecurityWarningNotableIssues|ComputersMissingCriticalUpdates')]",
            "dependsOn": [
                "[resourceId('Microsoft.OperationalInsights/workspaces', parameters('workspaces_defaultworkspace_dd3dfec0_514d_4833_9456_f65c43d1d083_eau_name'))]"
            ],
            "properties": {
                "DisplayName": "Computers missing critical updates",
                "Category": "Security Warning Notable Issues",
                "Query": "Update | where UpdateState == 'Needed' and Optional == false and Classification == 'Critical Updates' and Approved != false | summarize count() by Computer",
                "Version": 2
            }
        },
        {
            "type": "Microsoft.OperationalInsights/workspaces/savedSearches",
            "apiVersion": "2015-03-20",
            "name": "[concat(parameters('workspaces_defaultworkspace_dd3dfec0_514d_4833_9456_f65c43d1d083_eau_name'), '/Security(', parameters('workspaces_defaultworkspace_dd3dfec0_514d_4833_9456_f65c43d1d083_eau_name'), ')_SecurityWarningNotableIssues|ComputersWithInsufficientProtection')]",
            "dependsOn": [
                "[resourceId('Microsoft.OperationalInsights/workspaces', parameters('workspaces_defaultworkspace_dd3dfec0_514d_4833_9456_f65c43d1d083_eau_name'))]"
            ],
            "properties": {
                "DisplayName": "Computers with insufficient  protection",
                "Category": "Security Warning Notable Issues",
                "Query": "ProtectionStatus | summarize (TimeGenerated, ProtectionStatusRank) = argmax(TimeGenerated, ProtectionStatusRank) by Computer | where ProtectionStatusRank > 199 and ProtectionStatusRank != 550",
                "Version": 2
            }
        },
        {
            "type": "Microsoft.OperationalInsights/workspaces/savedSearches",
            "apiVersion": "2015-03-20",
            "name": "[concat(parameters('workspaces_defaultworkspace_dd3dfec0_514d_4833_9456_f65c43d1d083_eau_name'), '/Security(', parameters('workspaces_defaultworkspace_dd3dfec0_514d_4833_9456_f65c43d1d083_eau_name'), ')_SecurityWarningNotableIssues|ComputersWithSystemAuditPolicyChanges')]",
            "dependsOn": [
                "[resourceId('Microsoft.OperationalInsights/workspaces', parameters('workspaces_defaultworkspace_dd3dfec0_514d_4833_9456_f65c43d1d083_eau_name'))]"
            ],
            "properties": {
                "DisplayName": "Computers with system audit policy changes",
                "Category": "Security Warning Notable Issues",
                "Query": "SecurityEvent | where EventID == 4719 | summarize count() by Computer",
                "Version": 2
            }
        },
        {
            "type": "Microsoft.OperationalInsights/workspaces/savedSearches",
            "apiVersion": "2015-03-20",
            "name": "[concat(parameters('workspaces_defaultworkspace_dd3dfec0_514d_4833_9456_f65c43d1d083_eau_name'), '/Security(', parameters('workspaces_defaultworkspace_dd3dfec0_514d_4833_9456_f65c43d1d083_eau_name'), ')_SecurityWarningNotableIssues|DomainSecurityPolicyChanges')]",
            "dependsOn": [
                "[resourceId('Microsoft.OperationalInsights/workspaces', parameters('workspaces_defaultworkspace_dd3dfec0_514d_4833_9456_f65c43d1d083_eau_name'))]"
            ],
            "properties": {
                "DisplayName": "Domain security policy changes",
                "Category": "Security Warning Notable Issues",
                "Query": "SecurityEvent | where EventID == 4739 | summarize count() by DomainPolicyChanged",
                "Version": 2
            }
        },
        {
            "type": "Microsoft.OperationalInsights/workspaces/savedSearches",
            "apiVersion": "2015-03-20",
            "name": "[concat(parameters('workspaces_defaultworkspace_dd3dfec0_514d_4833_9456_f65c43d1d083_eau_name'), '/Security(', parameters('workspaces_defaultworkspace_dd3dfec0_514d_4833_9456_f65c43d1d083_eau_name'), ')_SecurityWarningNotableIssues|LogonsWithClearTextPassword')]",
            "dependsOn": [
                "[resourceId('Microsoft.OperationalInsights/workspaces', parameters('workspaces_defaultworkspace_dd3dfec0_514d_4833_9456_f65c43d1d083_eau_name'))]"
            ],
            "properties": {
                "DisplayName": "Logons with a clear text password",
                "Category": "Security Warning Notable Issues",
                "Query": "SecurityEvent | where EventID == 4624 and LogonType == 8 | summarize count() by TargetAccount",
                "Version": 2
            }
        },
        {
            "type": "Microsoft.OperationalInsights/workspaces/savedSearches",
            "apiVersion": "2015-03-20",
            "name": "[concat(parameters('workspaces_defaultworkspace_dd3dfec0_514d_4833_9456_f65c43d1d083_eau_name'), '/Security(', parameters('workspaces_defaultworkspace_dd3dfec0_514d_4833_9456_f65c43d1d083_eau_name'), ')_SecurityWarningNotableIssues|LowPriorityADAssessmentSecurityRecommendations')]",
            "dependsOn": [
                "[resourceId('Microsoft.OperationalInsights/workspaces', parameters('workspaces_defaultworkspace_dd3dfec0_514d_4833_9456_f65c43d1d083_eau_name'))]"
            ],
            "properties": {
                "DisplayName": "Low priority AD assessment security recommendations",
                "Category": "Security Warning Notable Issues",
                "Query": "let schemaColumns = datatable(TimeGenerated:datetime, RecommendationId:string)[]; union isfuzzy=true schemaColumns, (ADAssessmentRecommendation | where FocusArea == 'Security and Compliance' and RecommendationResult == 'Failed' and RecommendationScore<35) | summarize arg_max(TimeGenerated, *) by RecommendationId",
                "Version": 2
            }
        },
        {
            "type": "Microsoft.OperationalInsights/workspaces/savedSearches",
            "apiVersion": "2015-03-20",
            "name": "[concat(parameters('workspaces_defaultworkspace_dd3dfec0_514d_4833_9456_f65c43d1d083_eau_name'), '/Security(', parameters('workspaces_defaultworkspace_dd3dfec0_514d_4833_9456_f65c43d1d083_eau_name'), ')_SecurityWarningNotableIssues|LowPrioritySQLAssessmentSecurityRecommendations')]",
            "dependsOn": [
                "[resourceId('Microsoft.OperationalInsights/workspaces', parameters('workspaces_defaultworkspace_dd3dfec0_514d_4833_9456_f65c43d1d083_eau_name'))]"
            ],
            "properties": {
                "DisplayName": "Low priority SQL assessment security recommendations",
                "Category": "Security Warning Notable Issues",
                "Query": "let schemaColumns = datatable(TimeGenerated:datetime, RecommendationId:string)[]; union isfuzzy=true schemaColumns, (SQLAssessmentRecommendation | where FocusArea == 'Security and Compliance' and RecommendationResult == 'Failed' and RecommendationScore<35) | summarize arg_max(TimeGenerated, *) by RecommendationId",
                "Version": 2
            }
        },
        {
            "type": "Microsoft.OperationalInsights/workspaces/savedSearches",
            "apiVersion": "2015-03-20",
            "name": "[concat(parameters('workspaces_defaultworkspace_dd3dfec0_514d_4833_9456_f65c43d1d083_eau_name'), '/Security(', parameters('workspaces_defaultworkspace_dd3dfec0_514d_4833_9456_f65c43d1d083_eau_name'), ')_SecurityWarningNotableIssues|MembersAddedToSecurityEnabledGroups')]",
            "dependsOn": [
                "[resourceId('Microsoft.OperationalInsights/workspaces', parameters('workspaces_defaultworkspace_dd3dfec0_514d_4833_9456_f65c43d1d083_eau_name'))]"
            ],
            "properties": {
                "DisplayName": "Members added To security-enabled groups",
                "Category": "Security Warning Notable Issues",
                "Query": "SecurityEvent | where EventID in (4728, 4732, 4756) | summarize count() by SubjectAccount",
                "Version": 2
            }
        },
        {
            "type": "Microsoft.OperationalInsights/workspaces/savedSearches",
            "apiVersion": "2015-03-20",
            "name": "[concat(parameters('workspaces_defaultworkspace_dd3dfec0_514d_4833_9456_f65c43d1d083_eau_name'), '/Security(', parameters('workspaces_defaultworkspace_dd3dfec0_514d_4833_9456_f65c43d1d083_eau_name'), ')_SecurityWarningNotableIssues|SuspiciousExecutables')]",
            "dependsOn": [
                "[resourceId('Microsoft.OperationalInsights/workspaces', parameters('workspaces_defaultworkspace_dd3dfec0_514d_4833_9456_f65c43d1d083_eau_name'))]"
            ],
            "properties": {
                "DisplayName": "Suspicious executables",
                "Category": "Security Warning Notable Issues",
                "Query": "SecurityEvent | where EventID == 8002 and Fqbn == '-' | summarize ExecutionCountHash=count() by FileHash | where ExecutionCountHash <= 5",
                "Version": 2
            }
        },
        {
            "type": "Microsoft.OperationsManagement/solutions",
            "apiVersion": "2015-11-01-preview",
            "name": "[parameters('solutions_Security(DefaultWorkspace_dd3dfec0_514d_4833_9456_f65c43d1d083_EAU)_name')]",
            "location": "Australia East",
            "dependsOn": [
                "[resourceId('microsoft.operationalinsights/workspaces', parameters('workspaces_defaultworkspace_dd3dfec0_514d_4833_9456_f65c43d1d083_eau_name'))]"
            ],
            "plan": {
                "name": "Security(DefaultWorkspace-dd3dfec0-514d-4833-9456-f65c43d1d083-EAU)",
                "promotionCode": "",
                "product": "OMSGallery/Security",
                "publisher": "Microsoft"
            },
            "properties": {
                "workspaceResourceId": "[resourceId('microsoft.operationalinsights/workspaces', parameters('workspaces_defaultworkspace_dd3dfec0_514d_4833_9456_f65c43d1d083_eau_name'))]",
                "containedResources": [
                    "[concat(resourceId('microsoft.operationalinsights/workspaces', parameters('workspaces_defaultworkspace_dd3dfec0_514d_4833_9456_f65c43d1d083_eau_name')), '/views/Security(defaultworkspace-dd3dfec0-514d-4833-9456-f65c43d1d083-eau)')]"
                ]
            }
        },
        {
            "type": "Microsoft.OperationsManagement/solutions",
            "apiVersion": "2015-11-01-preview",
            "name": "[parameters('solutions_SecurityCenterFree(DefaultWorkspace_dd3dfec0_514d_4833_9456_f65c43d1d083_EAU)_name')]",
            "location": "Australia East",
            "dependsOn": [
                "[resourceId('microsoft.operationalinsights/workspaces', parameters('workspaces_defaultworkspace_dd3dfec0_514d_4833_9456_f65c43d1d083_eau_name'))]"
            ],
            "plan": {
                "name": "SecurityCenterFree(DefaultWorkspace-dd3dfec0-514d-4833-9456-f65c43d1d083-EAU)",
                "promotionCode": "",
                "product": "OMSGallery/SecurityCenterFree",
                "publisher": "Microsoft"
            },
            "properties": {
                "workspaceResourceId": "[resourceId('microsoft.operationalinsights/workspaces', parameters('workspaces_defaultworkspace_dd3dfec0_514d_4833_9456_f65c43d1d083_eau_name'))]",
                "containedResources": []
            }
        },
        {
            "type": "Microsoft.OperationsManagement/solutions",
            "apiVersion": "2015-11-01-preview",
            "name": "[parameters('solutions_SQLAdvancedThreatProtection(DefaultWorkspace_dd3dfec0_514d_4833_9456_f65c43d1d083_EAU)_name')]",
            "location": "Australia East",
            "dependsOn": [
                "[resourceId('microsoft.operationalinsights/workspaces', parameters('workspaces_defaultworkspace_dd3dfec0_514d_4833_9456_f65c43d1d083_eau_name'))]"
            ],
            "plan": {
                "name": "SQLAdvancedThreatProtection(DefaultWorkspace-dd3dfec0-514d-4833-9456-f65c43d1d083-EAU)",
                "promotionCode": "",
                "product": "OMSGallery/SQLAdvancedThreatProtection",
                "publisher": "Microsoft"
            },
            "properties": {
                "workspaceResourceId": "[resourceId('microsoft.operationalinsights/workspaces', parameters('workspaces_defaultworkspace_dd3dfec0_514d_4833_9456_f65c43d1d083_eau_name'))]",
                "containedResources": []
            }
        },
        {
            "type": "Microsoft.OperationsManagement/solutions",
            "apiVersion": "2015-11-01-preview",
            "name": "[parameters('solutions_SQLVulnerabilityAssessment(DefaultWorkspace_dd3dfec0_514d_4833_9456_f65c43d1d083_EAU)_name')]",
            "location": "Australia East",
            "dependsOn": [
                "[resourceId('microsoft.operationalinsights/workspaces', parameters('workspaces_defaultworkspace_dd3dfec0_514d_4833_9456_f65c43d1d083_eau_name'))]"
            ],
            "plan": {
                "name": "SQLVulnerabilityAssessment(DefaultWorkspace-dd3dfec0-514d-4833-9456-f65c43d1d083-EAU)",
                "promotionCode": "",
                "product": "OMSGallery/SQLVulnerabilityAssessment",
                "publisher": "Microsoft"
            },
            "properties": {
                "workspaceResourceId": "[resourceId('microsoft.operationalinsights/workspaces', parameters('workspaces_defaultworkspace_dd3dfec0_514d_4833_9456_f65c43d1d083_eau_name'))]",
                "containedResources": [
                    "[concat(resourceId('microsoft.operationalinsights/workspaces', parameters('workspaces_defaultworkspace_dd3dfec0_514d_4833_9456_f65c43d1d083_eau_name')), '/views/SQLVulnerabilityAssessment(defaultworkspace-dd3dfec0-514d-4833-9456-f65c43d1d083-eau)')]"
                ]
            }
        }
    ]
}