{
    "$schema": "https://schema.management.azure.com/schemas/2015-01-01/deploymentParameters.json#",
    "contentVersion": "1.0.0.0",
    "parameters": {
        "accounts_CertificateMonitor_password": {
            "value": null
        },
        "accounts_CertificateMonitor_acceptMarketingEmails": {
            "value": null
        },
        "accounts_CertificateMonitor_name": {
            "value": null
        },
        "vaults_SynergyCoreSystems_name": {
            "value": null
        }
    }
}