{
    "$schema": "https://schema.management.azure.com/schemas/2015-01-01/deploymentTemplate.json#",
    "contentVersion": "1.0.0.0",
    "parameters": {
        "accounts_CertificateMonitor_password": {
            "defaultValue": null,
            "type": "SecureString"
        },
        "accounts_CertificateMonitor_acceptMarketingEmails": {
            "defaultValue": null,
            "type": "Bool"
        },
        "accounts_CertificateMonitor_name": {
            "defaultValue": "CertificateMonitor",
            "type": "String"
        },
        "vaults_SynergyCoreSystems_name": {
            "defaultValue": "SynergyCoreSystems",
            "type": "String"
        }
    },
    "variables": {},
    "resources": [
        {
            "type": "Microsoft.KeyVault/vaults",
            "apiVersion": "2016-10-01",
            "name": "[parameters('vaults_SynergyCoreSystems_name')]",
            "location": "australiaeast",
            "properties": {
                "sku": {
                    "family": "A",
                    "name": "Standard"
                },
                "tenantId": "5a8e818b-94c8-4362-af22-856820442107",
                "accessPolicies": [
                    {
                        "tenantId": "5a8e818b-94c8-4362-af22-856820442107",
                        "objectId": "faa2f921-1351-4202-b6b2-a8d7a967f76c",
                        "permissions": {
                            "keys": [
                                "Get",
                                "List",
                                "Update",
                                "Create",
                                "Import",
                                "Delete",
                                "Recover",
                                "Backup",
                                "Restore"
                            ],
                            "secrets": [
                                "Get",
                                "List",
                                "Set",
                                "Delete",
                                "Recover",
                                "Backup",
                                "Restore"
                            ],
                            "certificates": [
                                "Get",
                                "List",
                                "Update",
                                "Create",
                                "Import",
                                "Delete",
                                "Recover",
                                "Backup",
                                "Restore",
                                "ManageContacts",
                                "ManageIssuers",
                                "GetIssuers",
                                "ListIssuers",
                                "SetIssuers",
                                "DeleteIssuers"
                            ]
                        }
                    }
                ],
                "enabledForDeployment": true,
                "enabledForDiskEncryption": true,
                "enabledForTemplateDeployment": true
            }
        },
        {
            "type": "Sendgrid.Email/accounts",
            "apiVersion": "2015-01-01",
            "name": "[parameters('accounts_CertificateMonitor_name')]",
            "location": "centralus",
            "plan": {
                "name": "free",
                "promotionCode": "",
                "product": "sendgrid_azure",
                "publisher": "Sendgrid"
            },
            "properties": {
                "email": "rolsen@synergygroup.net.au",
                "password": "[parameters('accounts_CertificateMonitor_password')]",
                "acceptMarketingEmails": "[parameters('accounts_CertificateMonitor_acceptMarketingEmails')]"
            }
        }
    ]
}