{
    "$schema": "https://schema.management.azure.com/schemas/2015-01-01/deploymentParameters.json#",
    "contentVersion": "1.0.0.0",
    "parameters": {
        "vaults_CoreServicesVault_name": {
            "value": null
        },
        "virtualNetworks_SynergyCoreSystems_name": {
            "value": null
        },
        "bastionHosts_SynergyCoreServicesBastion_name": {
            "value": null
        },
        "publicIPAddresses_SynergyCoreSystemsPIP_name": {
            "value": null
        },
        "workspaces_coresystemsworkspace_name": {
            "value": null
        },
        "solutions_SecurityCenterFree(CoreSystemsWorkspace)_name": {
            "value": null
        },
        "solutions_Microsoft_Azure_SQL_Database___Security_Insights_and_Access_to_Sensitive_Data_[coresystemsworkspace]_name": {
            "value": null
        },
        "networkSecurityGroups_ClientTierNSG_externalid": {
            "value": null
        },
        "networkSecurityGroups_DatabaseTierNSG_externalid": {
            "value": null
        },
        "networkSecurityGroups_AppServerTierNSG_externalid": {
            "value": null
        }
    }
}