{
    "$schema": "https://schema.management.azure.com/schemas/2015-01-01/deploymentTemplate.json#",
    "contentVersion": "1.0.0.0",
    "parameters": {
        "vaults_CoreServicesVault_name": {
            "defaultValue": "CoreServicesVault",
            "type": "String"
        },
        "virtualNetworks_SynergyCoreSystems_name": {
            "defaultValue": "SynergyCoreSystems",
            "type": "String"
        },
        "bastionHosts_SynergyCoreServicesBastion_name": {
            "defaultValue": "SynergyCoreServicesBastion",
            "type": "String"
        },
        "publicIPAddresses_SynergyCoreSystemsPIP_name": {
            "defaultValue": "SynergyCoreSystemsPIP",
            "type": "String"
        },
        "workspaces_coresystemsworkspace_name": {
            "defaultValue": "coresystemsworkspace",
            "type": "String"
        },
        "solutions_SecurityCenterFree(CoreSystemsWorkspace)_name": {
            "defaultValue": "SecurityCenterFree(CoreSystemsWorkspace)",
            "type": "String"
        },
        "solutions_Microsoft_Azure_SQL_Database___Security_Insights_and_Access_to_Sensitive_Data_[coresystemsworkspace]_name": {
            "defaultValue": "Microsoft Azure SQL Database - Security Insights and Access to Sensitive Data [coresystemsworkspace]",
            "type": "String"
        },
        "networkSecurityGroups_ClientTierNSG_externalid": {
            "defaultValue": "/subscriptions/dd3dfec0-514d-4833-9456-f65c43d1d083/resourceGroups/ClientResourceGroup/providers/Microsoft.Network/networkSecurityGroups/ClientTierNSG",
            "type": "String"
        },
        "networkSecurityGroups_DatabaseTierNSG_externalid": {
            "defaultValue": "/subscriptions/dd3dfec0-514d-4833-9456-f65c43d1d083/resourceGroups/DatabaseResourceGroup/providers/Microsoft.Network/networkSecurityGroups/DatabaseTierNSG",
            "type": "String"
        },
        "networkSecurityGroups_AppServerTierNSG_externalid": {
            "defaultValue": "/subscriptions/dd3dfec0-514d-4833-9456-f65c43d1d083/resourceGroups/AppServerResourceGroup/providers/Microsoft.Network/networkSecurityGroups/AppServerTierNSG",
            "type": "String"
        }
    },
    "variables": {},
    "resources": [
        {
            "type": "Microsoft.Network/publicIPAddresses",
            "apiVersion": "2019-08-01",
            "name": "[parameters('publicIPAddresses_SynergyCoreSystemsPIP_name')]",
            "location": "australiaeast",
            "sku": {
                "name": "Standard",
                "tier": "Regional"
            },
            "properties": {
                "ipAddress": "20.188.217.8",
                "publicIPAddressVersion": "IPv4",
                "publicIPAllocationMethod": "Static",
                "idleTimeoutInMinutes": 4,
                "ipTags": []
            }
        },
        {
            "type": "Microsoft.Network/virtualNetworks",
            "apiVersion": "2019-08-01",
            "name": "[parameters('virtualNetworks_SynergyCoreSystems_name')]",
            "location": "australiaeast",
            "properties": {
                "addressSpace": {
                    "addressPrefixes": [
                        "10.10.0.0/16"
                    ]
                },
                "subnets": [
                    {
                        "name": "AzureBastionSubnet",
                        "properties": {
                            "addressPrefix": "10.10.4.0/27",
                            "serviceEndpoints": [
                                {
                                    "service": "Microsoft.Sql",
                                    "locations": [
                                        "australiaeast"
                                    ]
                                }
                            ],
                            "delegations": [],
                            "privateEndpointNetworkPolicies": "Enabled",
                            "privateLinkServiceNetworkPolicies": "Enabled"
                        }
                    },
                    {
                        "name": "ClientTierSubnet",
                        "properties": {
                            "addressPrefix": "10.10.1.0/24",
                            "networkSecurityGroup": {
                                "id": "[parameters('networkSecurityGroups_ClientTierNSG_externalid')]"
                            },
                            "serviceEndpoints": [],
                            "delegations": [],
                            "privateEndpointNetworkPolicies": "Enabled",
                            "privateLinkServiceNetworkPolicies": "Enabled"
                        }
                    },
                    {
                        "name": "DatabaseTier",
                        "properties": {
                            "addressPrefix": "10.10.3.0/24",
                            "networkSecurityGroup": {
                                "id": "[parameters('networkSecurityGroups_DatabaseTierNSG_externalid')]"
                            },
                            "serviceEndpoints": [
                                {
                                    "service": "Microsoft.Sql",
                                    "locations": [
                                        "australiaeast"
                                    ]
                                }
                            ],
                            "delegations": [],
                            "privateEndpointNetworkPolicies": "Enabled",
                            "privateLinkServiceNetworkPolicies": "Enabled"
                        }
                    },
                    {
                        "name": "AppServerTier",
                        "properties": {
                            "addressPrefix": "10.10.2.0/24",
                            "networkSecurityGroup": {
                                "id": "[parameters('networkSecurityGroups_AppServerTierNSG_externalid')]"
                            },
                            "serviceEndpoints": [],
                            "delegations": [],
                            "privateEndpointNetworkPolicies": "Enabled",
                            "privateLinkServiceNetworkPolicies": "Enabled"
                        }
                    }
                ],
                "virtualNetworkPeerings": [],
                "enableDdosProtection": false,
                "enableVmProtection": false
            }
        },
        {
            "type": "microsoft.operationalinsights/workspaces",
            "apiVersion": "2015-11-01-preview",
            "name": "[parameters('workspaces_coresystemsworkspace_name')]",
            "location": "australiaeast",
            "properties": {
                "source": "Azure",
                "customerId": "c85ade55-84d3-4668-8553-af267697047d",
                "provisioningState": "Succeeded",
                "sku": {
                    "name": "pergb2018"
                },
                "retentionInDays": 30
            }
        },
        {
            "type": "Microsoft.RecoveryServices/vaults",
            "apiVersion": "2018-01-10",
            "name": "[parameters('vaults_CoreServicesVault_name')]",
            "location": "australiaeast",
            "sku": {
                "name": "RS0",
                "tier": "Standard"
            },
            "properties": {}
        },
        {
            "type": "Microsoft.Network/virtualNetworks/subnets",
            "apiVersion": "2019-08-01",
            "name": "[concat(parameters('virtualNetworks_SynergyCoreSystems_name'), '/AppServerTier')]",
            "dependsOn": [
                "[resourceId('Microsoft.Network/virtualNetworks', parameters('virtualNetworks_SynergyCoreSystems_name'))]"
            ],
            "properties": {
                "addressPrefix": "10.10.2.0/24",
                "networkSecurityGroup": {
                    "id": "[parameters('networkSecurityGroups_AppServerTierNSG_externalid')]"
                },
                "serviceEndpoints": [],
                "delegations": [],
                "privateEndpointNetworkPolicies": "Enabled",
                "privateLinkServiceNetworkPolicies": "Enabled"
            }
        },
        {
            "type": "Microsoft.Network/virtualNetworks/subnets",
            "apiVersion": "2019-08-01",
            "name": "[concat(parameters('virtualNetworks_SynergyCoreSystems_name'), '/AzureBastionSubnet')]",
            "dependsOn": [
                "[resourceId('Microsoft.Network/virtualNetworks', parameters('virtualNetworks_SynergyCoreSystems_name'))]"
            ],
            "properties": {
                "addressPrefix": "10.10.4.0/27",
                "serviceEndpoints": [
                    {
                        "service": "Microsoft.Sql",
                        "locations": [
                            "australiaeast"
                        ]
                    }
                ],
                "delegations": [],
                "privateEndpointNetworkPolicies": "Enabled",
                "privateLinkServiceNetworkPolicies": "Enabled"
            }
        },
        {
            "type": "Microsoft.Network/virtualNetworks/subnets",
            "apiVersion": "2019-08-01",
            "name": "[concat(parameters('virtualNetworks_SynergyCoreSystems_name'), '/ClientTierSubnet')]",
            "dependsOn": [
                "[resourceId('Microsoft.Network/virtualNetworks', parameters('virtualNetworks_SynergyCoreSystems_name'))]"
            ],
            "properties": {
                "addressPrefix": "10.10.1.0/24",
                "networkSecurityGroup": {
                    "id": "[parameters('networkSecurityGroups_ClientTierNSG_externalid')]"
                },
                "serviceEndpoints": [],
                "delegations": [],
                "privateEndpointNetworkPolicies": "Enabled",
                "privateLinkServiceNetworkPolicies": "Enabled"
            }
        },
        {
            "type": "Microsoft.Network/virtualNetworks/subnets",
            "apiVersion": "2019-08-01",
            "name": "[concat(parameters('virtualNetworks_SynergyCoreSystems_name'), '/DatabaseTier')]",
            "dependsOn": [
                "[resourceId('Microsoft.Network/virtualNetworks', parameters('virtualNetworks_SynergyCoreSystems_name'))]"
            ],
            "properties": {
                "addressPrefix": "10.10.3.0/24",
                "networkSecurityGroup": {
                    "id": "[parameters('networkSecurityGroups_DatabaseTierNSG_externalid')]"
                },
                "serviceEndpoints": [
                    {
                        "service": "Microsoft.Sql",
                        "locations": [
                            "australiaeast"
                        ]
                    }
                ],
                "delegations": [],
                "privateEndpointNetworkPolicies": "Enabled",
                "privateLinkServiceNetworkPolicies": "Enabled"
            }
        },
        {
            "type": "Microsoft.OperationalInsights/workspaces/savedSearches",
            "apiVersion": "2015-03-20",
            "name": "[concat(parameters('workspaces_coresystemsworkspace_name'), '/LogManagement(', parameters('workspaces_coresystemsworkspace_name'), ')_General|AlphabeticallySortedComputers')]",
            "dependsOn": [
                "[resourceId('Microsoft.OperationalInsights/workspaces', parameters('workspaces_coresystemsworkspace_name'))]"
            ],
            "properties": {
                "DisplayName": "All Computers with their most recent data",
                "Category": "General Exploration",
                "Query": "search not(ObjectName == \"Advisor Metrics\" or ObjectName == \"ManagedSpace\") | summarize AggregatedValue = max(TimeGenerated) by Computer | limit 500000 | sort by Computer asc\r\n// Oql: NOT(ObjectName=\"Advisor Metrics\" OR ObjectName=ManagedSpace) | measure max(TimeGenerated) by Computer | top 500000 | Sort Computer // Args: {OQ: True; WorkspaceId: 00000000-0000-0000-0000-000000000000} // Settings: {PTT: True; SortI: True; SortF: True} // Version: 0.1.122",
                "Version": 2
            }
        },
        {
            "type": "Microsoft.OperationalInsights/workspaces/savedSearches",
            "apiVersion": "2015-03-20",
            "name": "[concat(parameters('workspaces_coresystemsworkspace_name'), '/LogManagement(', parameters('workspaces_coresystemsworkspace_name'), ')_General|dataPointsPerManagementGroup')]",
            "dependsOn": [
                "[resourceId('Microsoft.OperationalInsights/workspaces', parameters('workspaces_coresystemsworkspace_name'))]"
            ],
            "properties": {
                "DisplayName": "Which Management Group is generating the most data points?",
                "Category": "General Exploration",
                "Query": "search * | summarize AggregatedValue = count() by ManagementGroupName\r\n// Oql: * | Measure count() by ManagementGroupName // Args: {OQ: True; WorkspaceId: 00000000-0000-0000-0000-000000000000} // Settings: {PTT: True; SortI: True; SortF: True} // Version: 0.1.122",
                "Version": 2
            }
        },
        {
            "type": "Microsoft.OperationalInsights/workspaces/savedSearches",
            "apiVersion": "2015-03-20",
            "name": "[concat(parameters('workspaces_coresystemsworkspace_name'), '/LogManagement(', parameters('workspaces_coresystemsworkspace_name'), ')_General|dataTypeDistribution')]",
            "dependsOn": [
                "[resourceId('Microsoft.OperationalInsights/workspaces', parameters('workspaces_coresystemsworkspace_name'))]"
            ],
            "properties": {
                "DisplayName": "Distribution of data Types",
                "Category": "General Exploration",
                "Query": "search * | extend Type = $table | summarize AggregatedValue = count() by Type\r\n// Oql: * | Measure count() by Type // Args: {OQ: True; WorkspaceId: 00000000-0000-0000-0000-000000000000} // Settings: {PTT: True; SortI: True; SortF: True} // Version: 0.1.122",
                "Version": 2
            }
        },
        {
            "type": "Microsoft.OperationalInsights/workspaces/savedSearches",
            "apiVersion": "2015-03-20",
            "name": "[concat(parameters('workspaces_coresystemsworkspace_name'), '/LogManagement(', parameters('workspaces_coresystemsworkspace_name'), ')_General|StaleComputers')]",
            "dependsOn": [
                "[resourceId('Microsoft.OperationalInsights/workspaces', parameters('workspaces_coresystemsworkspace_name'))]"
            ],
            "properties": {
                "DisplayName": "Stale Computers (data older than 24 hours)",
                "Category": "General Exploration",
                "Query": "search not(ObjectName == \"Advisor Metrics\" or ObjectName == \"ManagedSpace\") | summarize lastdata = max(TimeGenerated) by Computer | limit 500000 | where lastdata < ago(24h)\r\n// Oql: NOT(ObjectName=\"Advisor Metrics\" OR ObjectName=ManagedSpace) | measure max(TimeGenerated) as lastdata by Computer | top 500000 | where lastdata < NOW-24HOURS // Args: {OQ: True; WorkspaceId: 00000000-0000-0000-0000-000000000000} // Settings: {PTT: True; SortI: True; SortF: True} // Version: 0.1.122",
                "Version": 2
            }
        },
        {
            "type": "Microsoft.OperationalInsights/workspaces/savedSearches",
            "apiVersion": "2015-03-20",
            "name": "[concat(parameters('workspaces_coresystemsworkspace_name'), '/LogManagement(', parameters('workspaces_coresystemsworkspace_name'), ')_LogManagement|AllEvents')]",
            "dependsOn": [
                "[resourceId('Microsoft.OperationalInsights/workspaces', parameters('workspaces_coresystemsworkspace_name'))]"
            ],
            "properties": {
                "DisplayName": "All Events",
                "Category": "Log Management",
                "Query": "Event | sort by TimeGenerated desc\r\n// Oql: Type=Event // Args: {OQ: True; WorkspaceId: 00000000-0000-0000-0000-000000000000} // Settings: {PTT: True; SortI: True; SortF: True} // Version: 0.1.122",
                "Version": 2
            }
        },
        {
            "type": "Microsoft.OperationalInsights/workspaces/savedSearches",
            "apiVersion": "2015-03-20",
            "name": "[concat(parameters('workspaces_coresystemsworkspace_name'), '/LogManagement(', parameters('workspaces_coresystemsworkspace_name'), ')_LogManagement|AllSyslog')]",
            "dependsOn": [
                "[resourceId('Microsoft.OperationalInsights/workspaces', parameters('workspaces_coresystemsworkspace_name'))]"
            ],
            "properties": {
                "DisplayName": "All Syslogs",
                "Category": "Log Management",
                "Query": "Syslog | sort by TimeGenerated desc\r\n// Oql: Type=Syslog // Args: {OQ: True; WorkspaceId: 00000000-0000-0000-0000-000000000000} // Settings: {PTT: True; SortI: True; SortF: True} // Version: 0.1.122",
                "Version": 2
            }
        },
        {
            "type": "Microsoft.OperationalInsights/workspaces/savedSearches",
            "apiVersion": "2015-03-20",
            "name": "[concat(parameters('workspaces_coresystemsworkspace_name'), '/LogManagement(', parameters('workspaces_coresystemsworkspace_name'), ')_LogManagement|AllSyslogByFacility')]",
            "dependsOn": [
                "[resourceId('Microsoft.OperationalInsights/workspaces', parameters('workspaces_coresystemsworkspace_name'))]"
            ],
            "properties": {
                "DisplayName": "All Syslog Records grouped by Facility",
                "Category": "Log Management",
                "Query": "Syslog | summarize AggregatedValue = count() by Facility\r\n// Oql: Type=Syslog | Measure count() by Facility // Args: {OQ: True; WorkspaceId: 00000000-0000-0000-0000-000000000000} // Settings: {PTT: True; SortI: True; SortF: True} // Version: 0.1.122",
                "Version": 2
            }
        },
        {
            "type": "Microsoft.OperationalInsights/workspaces/savedSearches",
            "apiVersion": "2015-03-20",
            "name": "[concat(parameters('workspaces_coresystemsworkspace_name'), '/LogManagement(', parameters('workspaces_coresystemsworkspace_name'), ')_LogManagement|AllSyslogByProcessName')]",
            "dependsOn": [
                "[resourceId('Microsoft.OperationalInsights/workspaces', parameters('workspaces_coresystemsworkspace_name'))]"
            ],
            "properties": {
                "DisplayName": "All Syslog Records grouped by ProcessName",
                "Category": "Log Management",
                "Query": "Syslog | summarize AggregatedValue = count() by ProcessName\r\n// Oql: Type=Syslog | Measure count() by ProcessName // Args: {OQ: True; WorkspaceId: 00000000-0000-0000-0000-000000000000} // Settings: {PTT: True; SortI: True; SortF: True} // Version: 0.1.122",
                "Version": 2
            }
        },
        {
            "type": "Microsoft.OperationalInsights/workspaces/savedSearches",
            "apiVersion": "2015-03-20",
            "name": "[concat(parameters('workspaces_coresystemsworkspace_name'), '/LogManagement(', parameters('workspaces_coresystemsworkspace_name'), ')_LogManagement|AllSyslogsWithErrors')]",
            "dependsOn": [
                "[resourceId('Microsoft.OperationalInsights/workspaces', parameters('workspaces_coresystemsworkspace_name'))]"
            ],
            "properties": {
                "DisplayName": "All Syslog Records with Errors",
                "Category": "Log Management",
                "Query": "Syslog | where SeverityLevel == \"error\" | sort by TimeGenerated desc\r\n// Oql: Type=Syslog SeverityLevel=error // Args: {OQ: True; WorkspaceId: 00000000-0000-0000-0000-000000000000} // Settings: {PTT: True; SortI: True; SortF: True} // Version: 0.1.122",
                "Version": 2
            }
        },
        {
            "type": "Microsoft.OperationalInsights/workspaces/savedSearches",
            "apiVersion": "2015-03-20",
            "name": "[concat(parameters('workspaces_coresystemsworkspace_name'), '/LogManagement(', parameters('workspaces_coresystemsworkspace_name'), ')_LogManagement|AverageHTTPRequestTimeByClientIPAddress')]",
            "dependsOn": [
                "[resourceId('Microsoft.OperationalInsights/workspaces', parameters('workspaces_coresystemsworkspace_name'))]"
            ],
            "properties": {
                "DisplayName": "Average HTTP Request time by Client IP Address",
                "Category": "Log Management",
                "Query": "search * | extend Type = $table | where Type == W3CIISLog | summarize AggregatedValue = avg(TimeTaken) by cIP\r\n// Oql: Type=W3CIISLog | Measure Avg(TimeTaken) by cIP // Args: {OQ: True; WorkspaceId: 00000000-0000-0000-0000-000000000000} // Settings: {PEF: True; SortI: True; SortF: True} // Version: 0.1.122",
                "Version": 2
            }
        },
        {
            "type": "Microsoft.OperationalInsights/workspaces/savedSearches",
            "apiVersion": "2015-03-20",
            "name": "[concat(parameters('workspaces_coresystemsworkspace_name'), '/LogManagement(', parameters('workspaces_coresystemsworkspace_name'), ')_LogManagement|AverageHTTPRequestTimeHTTPMethod')]",
            "dependsOn": [
                "[resourceId('Microsoft.OperationalInsights/workspaces', parameters('workspaces_coresystemsworkspace_name'))]"
            ],
            "properties": {
                "DisplayName": "Average HTTP Request time by HTTP Method",
                "Category": "Log Management",
                "Query": "search * | extend Type = $table | where Type == W3CIISLog | summarize AggregatedValue = avg(TimeTaken) by csMethod\r\n// Oql: Type=W3CIISLog | Measure Avg(TimeTaken) by csMethod // Args: {OQ: True; WorkspaceId: 00000000-0000-0000-0000-000000000000} // Settings: {PEF: True; SortI: True; SortF: True} // Version: 0.1.122",
                "Version": 2
            }
        },
        {
            "type": "Microsoft.OperationalInsights/workspaces/savedSearches",
            "apiVersion": "2015-03-20",
            "name": "[concat(parameters('workspaces_coresystemsworkspace_name'), '/LogManagement(', parameters('workspaces_coresystemsworkspace_name'), ')_LogManagement|CountIISLogEntriesClientIPAddress')]",
            "dependsOn": [
                "[resourceId('Microsoft.OperationalInsights/workspaces', parameters('workspaces_coresystemsworkspace_name'))]"
            ],
            "properties": {
                "DisplayName": "Count of IIS Log Entries by Client IP Address",
                "Category": "Log Management",
                "Query": "search * | extend Type = $table | where Type == W3CIISLog | summarize AggregatedValue = count() by cIP\r\n// Oql: Type=W3CIISLog | Measure count() by cIP // Args: {OQ: True; WorkspaceId: 00000000-0000-0000-0000-000000000000} // Settings: {PEF: True; SortI: True; SortF: True} // Version: 0.1.122",
                "Version": 2
            }
        },
        {
            "type": "Microsoft.OperationalInsights/workspaces/savedSearches",
            "apiVersion": "2015-03-20",
            "name": "[concat(parameters('workspaces_coresystemsworkspace_name'), '/LogManagement(', parameters('workspaces_coresystemsworkspace_name'), ')_LogManagement|CountIISLogEntriesHTTPRequestMethod')]",
            "dependsOn": [
                "[resourceId('Microsoft.OperationalInsights/workspaces', parameters('workspaces_coresystemsworkspace_name'))]"
            ],
            "properties": {
                "DisplayName": "Count of IIS Log Entries by HTTP Request Method",
                "Category": "Log Management",
                "Query": "search * | extend Type = $table | where Type == W3CIISLog | summarize AggregatedValue = count() by csMethod\r\n// Oql: Type=W3CIISLog | Measure count() by csMethod // Args: {OQ: True; WorkspaceId: 00000000-0000-0000-0000-000000000000} // Settings: {PEF: True; SortI: True; SortF: True} // Version: 0.1.122",
                "Version": 2
            }
        },
        {
            "type": "Microsoft.OperationalInsights/workspaces/savedSearches",
            "apiVersion": "2015-03-20",
            "name": "[concat(parameters('workspaces_coresystemsworkspace_name'), '/LogManagement(', parameters('workspaces_coresystemsworkspace_name'), ')_LogManagement|CountIISLogEntriesHTTPUserAgent')]",
            "dependsOn": [
                "[resourceId('Microsoft.OperationalInsights/workspaces', parameters('workspaces_coresystemsworkspace_name'))]"
            ],
            "properties": {
                "DisplayName": "Count of IIS Log Entries by HTTP User Agent",
                "Category": "Log Management",
                "Query": "search * | extend Type = $table | where Type == W3CIISLog | summarize AggregatedValue = count() by csUserAgent\r\n// Oql: Type=W3CIISLog | Measure count() by csUserAgent // Args: {OQ: True; WorkspaceId: 00000000-0000-0000-0000-000000000000} // Settings: {PEF: True; SortI: True; SortF: True} // Version: 0.1.122",
                "Version": 2
            }
        },
        {
            "type": "Microsoft.OperationalInsights/workspaces/savedSearches",
            "apiVersion": "2015-03-20",
            "name": "[concat(parameters('workspaces_coresystemsworkspace_name'), '/LogManagement(', parameters('workspaces_coresystemsworkspace_name'), ')_LogManagement|CountOfIISLogEntriesByHostRequestedByClient')]",
            "dependsOn": [
                "[resourceId('Microsoft.OperationalInsights/workspaces', parameters('workspaces_coresystemsworkspace_name'))]"
            ],
            "properties": {
                "DisplayName": "Count of IIS Log Entries by Host requested by client",
                "Category": "Log Management",
                "Query": "search * | extend Type = $table | where Type == W3CIISLog | summarize AggregatedValue = count() by csHost\r\n// Oql: Type=W3CIISLog | Measure count() by csHost // Args: {OQ: True; WorkspaceId: 00000000-0000-0000-0000-000000000000} // Settings: {PEF: True; SortI: True; SortF: True} // Version: 0.1.122",
                "Version": 2
            }
        },
        {
            "type": "Microsoft.OperationalInsights/workspaces/savedSearches",
            "apiVersion": "2015-03-20",
            "name": "[concat(parameters('workspaces_coresystemsworkspace_name'), '/LogManagement(', parameters('workspaces_coresystemsworkspace_name'), ')_LogManagement|CountOfIISLogEntriesByURLForHost')]",
            "dependsOn": [
                "[resourceId('Microsoft.OperationalInsights/workspaces', parameters('workspaces_coresystemsworkspace_name'))]"
            ],
            "properties": {
                "DisplayName": "Count of IIS Log Entries by URL for the host \"www.contoso.com\" (replace with your own)",
                "Category": "Log Management",
                "Query": "search csHost == \"www.contoso.com\" | extend Type = $table | where Type == W3CIISLog | summarize AggregatedValue = count() by csUriStem\r\n// Oql: Type=W3CIISLog csHost=\"www.contoso.com\" | Measure count() by csUriStem // Args: {OQ: True; WorkspaceId: 00000000-0000-0000-0000-000000000000} // Settings: {PEF: True; SortI: True; SortF: True} // Version: 0.1.122",
                "Version": 2
            }
        },
        {
            "type": "Microsoft.OperationalInsights/workspaces/savedSearches",
            "apiVersion": "2015-03-20",
            "name": "[concat(parameters('workspaces_coresystemsworkspace_name'), '/LogManagement(', parameters('workspaces_coresystemsworkspace_name'), ')_LogManagement|CountOfIISLogEntriesByURLRequestedByClient')]",
            "dependsOn": [
                "[resourceId('Microsoft.OperationalInsights/workspaces', parameters('workspaces_coresystemsworkspace_name'))]"
            ],
            "properties": {
                "DisplayName": "Count of IIS Log Entries by URL requested by client (without query strings)",
                "Category": "Log Management",
                "Query": "search * | extend Type = $table | where Type == W3CIISLog | summarize AggregatedValue = count() by csUriStem\r\n// Oql: Type=W3CIISLog | Measure count() by csUriStem // Args: {OQ: True; WorkspaceId: 00000000-0000-0000-0000-000000000000} // Settings: {PEF: True; SortI: True; SortF: True} // Version: 0.1.122",
                "Version": 2
            }
        },
        {
            "type": "Microsoft.OperationalInsights/workspaces/savedSearches",
            "apiVersion": "2015-03-20",
            "name": "[concat(parameters('workspaces_coresystemsworkspace_name'), '/LogManagement(', parameters('workspaces_coresystemsworkspace_name'), ')_LogManagement|CountOfWarningEvents')]",
            "dependsOn": [
                "[resourceId('Microsoft.OperationalInsights/workspaces', parameters('workspaces_coresystemsworkspace_name'))]"
            ],
            "properties": {
                "DisplayName": "Count of Events with level \"Warning\" grouped by Event ID",
                "Category": "Log Management",
                "Query": "Event | where EventLevelName == \"warning\" | summarize AggregatedValue = count() by EventID\r\n// Oql: Type=Event EventLevelName=warning | Measure count() by EventID // Args: {OQ: True; WorkspaceId: 00000000-0000-0000-0000-000000000000} // Settings: {PTT: True; SortI: True; SortF: True} // Version: 0.1.122",
                "Version": 2
            }
        },
        {
            "type": "Microsoft.OperationalInsights/workspaces/savedSearches",
            "apiVersion": "2015-03-20",
            "name": "[concat(parameters('workspaces_coresystemsworkspace_name'), '/LogManagement(', parameters('workspaces_coresystemsworkspace_name'), ')_LogManagement|DisplayBreakdownRespondCodes')]",
            "dependsOn": [
                "[resourceId('Microsoft.OperationalInsights/workspaces', parameters('workspaces_coresystemsworkspace_name'))]"
            ],
            "properties": {
                "DisplayName": "Shows breakdown of response codes",
                "Category": "Log Management",
                "Query": "search * | extend Type = $table | where Type == W3CIISLog | summarize AggregatedValue = count() by scStatus\r\n// Oql: Type=W3CIISLog | Measure count() by scStatus // Args: {OQ: True; WorkspaceId: 00000000-0000-0000-0000-000000000000} // Settings: {PEF: True; SortI: True; SortF: True} // Version: 0.1.122",
                "Version": 2
            }
        },
        {
            "type": "Microsoft.OperationalInsights/workspaces/savedSearches",
            "apiVersion": "2015-03-20",
            "name": "[concat(parameters('workspaces_coresystemsworkspace_name'), '/LogManagement(', parameters('workspaces_coresystemsworkspace_name'), ')_LogManagement|EventsByEventLog')]",
            "dependsOn": [
                "[resourceId('Microsoft.OperationalInsights/workspaces', parameters('workspaces_coresystemsworkspace_name'))]"
            ],
            "properties": {
                "DisplayName": "Count of Events grouped by Event Log",
                "Category": "Log Management",
                "Query": "Event | summarize AggregatedValue = count() by EventLog\r\n// Oql: Type=Event | Measure count() by EventLog // Args: {OQ: True; WorkspaceId: 00000000-0000-0000-0000-000000000000} // Settings: {PTT: True; SortI: True; SortF: True} // Version: 0.1.122",
                "Version": 2
            }
        },
        {
            "type": "Microsoft.OperationalInsights/workspaces/savedSearches",
            "apiVersion": "2015-03-20",
            "name": "[concat(parameters('workspaces_coresystemsworkspace_name'), '/LogManagement(', parameters('workspaces_coresystemsworkspace_name'), ')_LogManagement|EventsByEventsID')]",
            "dependsOn": [
                "[resourceId('Microsoft.OperationalInsights/workspaces', parameters('workspaces_coresystemsworkspace_name'))]"
            ],
            "properties": {
                "DisplayName": "Count of Events grouped by Event ID",
                "Category": "Log Management",
                "Query": "Event | summarize AggregatedValue = count() by EventID\r\n// Oql: Type=Event | Measure count() by EventID // Args: {OQ: True; WorkspaceId: 00000000-0000-0000-0000-000000000000} // Settings: {PTT: True; SortI: True; SortF: True} // Version: 0.1.122",
                "Version": 2
            }
        },
        {
            "type": "Microsoft.OperationalInsights/workspaces/savedSearches",
            "apiVersion": "2015-03-20",
            "name": "[concat(parameters('workspaces_coresystemsworkspace_name'), '/LogManagement(', parameters('workspaces_coresystemsworkspace_name'), ')_LogManagement|EventsByEventSource')]",
            "dependsOn": [
                "[resourceId('Microsoft.OperationalInsights/workspaces', parameters('workspaces_coresystemsworkspace_name'))]"
            ],
            "properties": {
                "DisplayName": "Count of Events grouped by Event Source",
                "Category": "Log Management",
                "Query": "Event | summarize AggregatedValue = count() by Source\r\n// Oql: Type=Event | Measure count() by Source // Args: {OQ: True; WorkspaceId: 00000000-0000-0000-0000-000000000000} // Settings: {PTT: True; SortI: True; SortF: True} // Version: 0.1.122",
                "Version": 2
            }
        },
        {
            "type": "Microsoft.OperationalInsights/workspaces/savedSearches",
            "apiVersion": "2015-03-20",
            "name": "[concat(parameters('workspaces_coresystemsworkspace_name'), '/LogManagement(', parameters('workspaces_coresystemsworkspace_name'), ')_LogManagement|EventsInOMBetween2000to3000')]",
            "dependsOn": [
                "[resourceId('Microsoft.OperationalInsights/workspaces', parameters('workspaces_coresystemsworkspace_name'))]"
            ],
            "properties": {
                "DisplayName": "Events in the Operations Manager Event Log whose Event ID is in the range between 2000 and 3000",
                "Category": "Log Management",
                "Query": "Event | where EventLog == \"Operations Manager\" and EventID >= 2000 and EventID <= 3000 | sort by TimeGenerated desc\r\n// Oql: Type=Event EventLog=\"Operations Manager\" EventID:[2000..3000] // Args: {OQ: True; WorkspaceId: 00000000-0000-0000-0000-000000000000} // Settings: {PTT: True; SortI: True; SortF: True} // Version: 0.1.122",
                "Version": 2
            }
        },
        {
            "type": "Microsoft.OperationalInsights/workspaces/savedSearches",
            "apiVersion": "2015-03-20",
            "name": "[concat(parameters('workspaces_coresystemsworkspace_name'), '/LogManagement(', parameters('workspaces_coresystemsworkspace_name'), ')_LogManagement|EventsWithStartedinEventID')]",
            "dependsOn": [
                "[resourceId('Microsoft.OperationalInsights/workspaces', parameters('workspaces_coresystemsworkspace_name'))]"
            ],
            "properties": {
                "DisplayName": "Count of Events containing the word \"started\" grouped by EventID",
                "Category": "Log Management",
                "Query": "search in (Event) \"started\" | summarize AggregatedValue = count() by EventID\r\n// Oql: Type=Event \"started\" | Measure count() by EventID // Args: {OQ: True; WorkspaceId: 00000000-0000-0000-0000-000000000000} // Settings: {PTT: True; SortI: True; SortF: True} // Version: 0.1.122",
                "Version": 2
            }
        },
        {
            "type": "Microsoft.OperationalInsights/workspaces/savedSearches",
            "apiVersion": "2015-03-20",
            "name": "[concat(parameters('workspaces_coresystemsworkspace_name'), '/LogManagement(', parameters('workspaces_coresystemsworkspace_name'), ')_LogManagement|FindMaximumTimeTakenForEachPage')]",
            "dependsOn": [
                "[resourceId('Microsoft.OperationalInsights/workspaces', parameters('workspaces_coresystemsworkspace_name'))]"
            ],
            "properties": {
                "DisplayName": "Find the maximum time taken for each page",
                "Category": "Log Management",
                "Query": "search * | extend Type = $table | where Type == W3CIISLog | summarize AggregatedValue = max(TimeTaken) by csUriStem\r\n// Oql: Type=W3CIISLog | Measure Max(TimeTaken) by csUriStem // Args: {OQ: True; WorkspaceId: 00000000-0000-0000-0000-000000000000} // Settings: {PEF: True; SortI: True; SortF: True} // Version: 0.1.122",
                "Version": 2
            }
        },
        {
            "type": "Microsoft.OperationalInsights/workspaces/savedSearches",
            "apiVersion": "2015-03-20",
            "name": "[concat(parameters('workspaces_coresystemsworkspace_name'), '/LogManagement(', parameters('workspaces_coresystemsworkspace_name'), ')_LogManagement|IISLogEntriesForClientIP')]",
            "dependsOn": [
                "[resourceId('Microsoft.OperationalInsights/workspaces', parameters('workspaces_coresystemsworkspace_name'))]"
            ],
            "properties": {
                "DisplayName": "IIS Log Entries for a specific client IP Address (replace with your own)",
                "Category": "Log Management",
                "Query": "search cIP == \"192.168.0.1\" | extend Type = $table | where Type == W3CIISLog | sort by TimeGenerated desc | project csUriStem, scBytes, csBytes, TimeTaken, scStatus\r\n// Oql: Type=W3CIISLog cIP=\"192.168.0.1\" | Select csUriStem,scBytes,csBytes,TimeTaken,scStatus // Args: {OQ: True; WorkspaceId: 00000000-0000-0000-0000-000000000000} // Settings: {PEF: True; SortI: True; SortF: True} // Version: 0.1.122",
                "Version": 2
            }
        },
        {
            "type": "Microsoft.OperationalInsights/workspaces/savedSearches",
            "apiVersion": "2015-03-20",
            "name": "[concat(parameters('workspaces_coresystemsworkspace_name'), '/LogManagement(', parameters('workspaces_coresystemsworkspace_name'), ')_LogManagement|ListAllIISLogEntries')]",
            "dependsOn": [
                "[resourceId('Microsoft.OperationalInsights/workspaces', parameters('workspaces_coresystemsworkspace_name'))]"
            ],
            "properties": {
                "DisplayName": "All IIS Log Entries",
                "Category": "Log Management",
                "Query": "search * | extend Type = $table | where Type == W3CIISLog | sort by TimeGenerated desc\r\n// Oql: Type=W3CIISLog // Args: {OQ: True; WorkspaceId: 00000000-0000-0000-0000-000000000000} // Settings: {PEF: True; SortI: True; SortF: True} // Version: 0.1.122",
                "Version": 2
            }
        },
        {
            "type": "Microsoft.OperationalInsights/workspaces/savedSearches",
            "apiVersion": "2015-03-20",
            "name": "[concat(parameters('workspaces_coresystemsworkspace_name'), '/LogManagement(', parameters('workspaces_coresystemsworkspace_name'), ')_LogManagement|NoOfConnectionsToOMSDKService')]",
            "dependsOn": [
                "[resourceId('Microsoft.OperationalInsights/workspaces', parameters('workspaces_coresystemsworkspace_name'))]"
            ],
            "properties": {
                "DisplayName": "How many connections to Operations Manager's SDK service by day",
                "Category": "Log Management",
                "Query": "Event | where EventID == 26328 and EventLog == \"Operations Manager\" | summarize AggregatedValue = count() by bin(TimeGenerated, 1d) | sort by TimeGenerated desc\r\n// Oql: Type=Event EventID=26328 EventLog=\"Operations Manager\" | Measure count() interval 1DAY // Args: {OQ: True; WorkspaceId: 00000000-0000-0000-0000-000000000000} // Settings: {PTT: True; SortI: True; SortF: True} // Version: 0.1.122",
                "Version": 2
            }
        },
        {
            "type": "Microsoft.OperationalInsights/workspaces/savedSearches",
            "apiVersion": "2015-03-20",
            "name": "[concat(parameters('workspaces_coresystemsworkspace_name'), '/LogManagement(', parameters('workspaces_coresystemsworkspace_name'), ')_LogManagement|ServerRestartTime')]",
            "dependsOn": [
                "[resourceId('Microsoft.OperationalInsights/workspaces', parameters('workspaces_coresystemsworkspace_name'))]"
            ],
            "properties": {
                "DisplayName": "When did my servers initiate restart?",
                "Category": "Log Management",
                "Query": "search in (Event) \"shutdown\" and EventLog == \"System\" and Source == \"User32\" and EventID == 1074 | sort by TimeGenerated desc | project TimeGenerated, Computer\r\n// Oql: shutdown Type=Event EventLog=System Source=User32 EventID=1074 | Select TimeGenerated,Computer // Args: {OQ: True; WorkspaceId: 00000000-0000-0000-0000-000000000000} // Settings: {PTT: True; SortI: True; SortF: True} // Version: 0.1.122",
                "Version": 2
            }
        },
        {
            "type": "Microsoft.OperationalInsights/workspaces/savedSearches",
            "apiVersion": "2015-03-20",
            "name": "[concat(parameters('workspaces_coresystemsworkspace_name'), '/LogManagement(', parameters('workspaces_coresystemsworkspace_name'), ')_LogManagement|Show404PagesList')]",
            "dependsOn": [
                "[resourceId('Microsoft.OperationalInsights/workspaces', parameters('workspaces_coresystemsworkspace_name'))]"
            ],
            "properties": {
                "DisplayName": "Shows which pages people are getting a 404 for",
                "Category": "Log Management",
                "Query": "search scStatus == 404 | extend Type = $table | where Type == W3CIISLog | summarize AggregatedValue = count() by csUriStem\r\n// Oql: Type=W3CIISLog scStatus=404 | Measure count() by csUriStem // Args: {OQ: True; WorkspaceId: 00000000-0000-0000-0000-000000000000} // Settings: {PEF: True; SortI: True; SortF: True} // Version: 0.1.122",
                "Version": 2
            }
        },
        {
            "type": "Microsoft.OperationalInsights/workspaces/savedSearches",
            "apiVersion": "2015-03-20",
            "name": "[concat(parameters('workspaces_coresystemsworkspace_name'), '/LogManagement(', parameters('workspaces_coresystemsworkspace_name'), ')_LogManagement|ShowServersThrowingInternalServerError')]",
            "dependsOn": [
                "[resourceId('Microsoft.OperationalInsights/workspaces', parameters('workspaces_coresystemsworkspace_name'))]"
            ],
            "properties": {
                "DisplayName": "Shows servers that are throwing internal server error",
                "Category": "Log Management",
                "Query": "search scStatus == 500 | extend Type = $table | where Type == W3CIISLog | summarize AggregatedValue = count() by sComputerName\r\n// Oql: Type=W3CIISLog scStatus=500 | Measure count() by sComputerName // Args: {OQ: True; WorkspaceId: 00000000-0000-0000-0000-000000000000} // Settings: {PEF: True; SortI: True; SortF: True} // Version: 0.1.122",
                "Version": 2
            }
        },
        {
            "type": "Microsoft.OperationalInsights/workspaces/savedSearches",
            "apiVersion": "2015-03-20",
            "name": "[concat(parameters('workspaces_coresystemsworkspace_name'), '/LogManagement(', parameters('workspaces_coresystemsworkspace_name'), ')_LogManagement|TotalBytesReceivedByEachAzureRoleInstance')]",
            "dependsOn": [
                "[resourceId('Microsoft.OperationalInsights/workspaces', parameters('workspaces_coresystemsworkspace_name'))]"
            ],
            "properties": {
                "DisplayName": "Total Bytes received by each Azure Role Instance",
                "Category": "Log Management",
                "Query": "search * | extend Type = $table | where Type == W3CIISLog | summarize AggregatedValue = sum(csBytes) by RoleInstance\r\n// Oql: Type=W3CIISLog | Measure Sum(csBytes) by RoleInstance // Args: {OQ: True; WorkspaceId: 00000000-0000-0000-0000-000000000000} // Settings: {PEF: True; SortI: True; SortF: True} // Version: 0.1.122",
                "Version": 2
            }
        },
        {
            "type": "Microsoft.OperationalInsights/workspaces/savedSearches",
            "apiVersion": "2015-03-20",
            "name": "[concat(parameters('workspaces_coresystemsworkspace_name'), '/LogManagement(', parameters('workspaces_coresystemsworkspace_name'), ')_LogManagement|TotalBytesReceivedByEachIISComputer')]",
            "dependsOn": [
                "[resourceId('Microsoft.OperationalInsights/workspaces', parameters('workspaces_coresystemsworkspace_name'))]"
            ],
            "properties": {
                "DisplayName": "Total Bytes received by each IIS Computer",
                "Category": "Log Management",
                "Query": "search * | extend Type = $table | where Type == W3CIISLog | summarize AggregatedValue = sum(csBytes) by Computer | limit 500000\r\n// Oql: Type=W3CIISLog | Measure Sum(csBytes) by Computer | top 500000 // Args: {OQ: True; WorkspaceId: 00000000-0000-0000-0000-000000000000} // Settings: {PEF: True; SortI: True; SortF: True} // Version: 0.1.122",
                "Version": 2
            }
        },
        {
            "type": "Microsoft.OperationalInsights/workspaces/savedSearches",
            "apiVersion": "2015-03-20",
            "name": "[concat(parameters('workspaces_coresystemsworkspace_name'), '/LogManagement(', parameters('workspaces_coresystemsworkspace_name'), ')_LogManagement|TotalBytesRespondedToClientsByClientIPAddress')]",
            "dependsOn": [
                "[resourceId('Microsoft.OperationalInsights/workspaces', parameters('workspaces_coresystemsworkspace_name'))]"
            ],
            "properties": {
                "DisplayName": "Total Bytes responded back to clients by Client IP Address",
                "Category": "Log Management",
                "Query": "search * | extend Type = $table | where Type == W3CIISLog | summarize AggregatedValue = sum(scBytes) by cIP\r\n// Oql: Type=W3CIISLog | Measure Sum(scBytes) by cIP // Args: {OQ: True; WorkspaceId: 00000000-0000-0000-0000-000000000000} // Settings: {PEF: True; SortI: True; SortF: True} // Version: 0.1.122",
                "Version": 2
            }
        },
        {
            "type": "Microsoft.OperationalInsights/workspaces/savedSearches",
            "apiVersion": "2015-03-20",
            "name": "[concat(parameters('workspaces_coresystemsworkspace_name'), '/LogManagement(', parameters('workspaces_coresystemsworkspace_name'), ')_LogManagement|TotalBytesRespondedToClientsByEachIISServerIPAddress')]",
            "dependsOn": [
                "[resourceId('Microsoft.OperationalInsights/workspaces', parameters('workspaces_coresystemsworkspace_name'))]"
            ],
            "properties": {
                "DisplayName": "Total Bytes responded back to clients by each IIS ServerIP Address",
                "Category": "Log Management",
                "Query": "search * | extend Type = $table | where Type == W3CIISLog | summarize AggregatedValue = sum(scBytes) by sIP\r\n// Oql: Type=W3CIISLog | Measure Sum(scBytes) by sIP // Args: {OQ: True; WorkspaceId: 00000000-0000-0000-0000-000000000000} // Settings: {PEF: True; SortI: True; SortF: True} // Version: 0.1.122",
                "Version": 2
            }
        },
        {
            "type": "Microsoft.OperationalInsights/workspaces/savedSearches",
            "apiVersion": "2015-03-20",
            "name": "[concat(parameters('workspaces_coresystemsworkspace_name'), '/LogManagement(', parameters('workspaces_coresystemsworkspace_name'), ')_LogManagement|TotalBytesSentByClientIPAddress')]",
            "dependsOn": [
                "[resourceId('Microsoft.OperationalInsights/workspaces', parameters('workspaces_coresystemsworkspace_name'))]"
            ],
            "properties": {
                "DisplayName": "Total Bytes sent by Client IP Address",
                "Category": "Log Management",
                "Query": "search * | extend Type = $table | where Type == W3CIISLog | summarize AggregatedValue = sum(csBytes) by cIP\r\n// Oql: Type=W3CIISLog | Measure Sum(csBytes) by cIP // Args: {OQ: True; WorkspaceId: 00000000-0000-0000-0000-000000000000} // Settings: {PEF: True; SortI: True; SortF: True} // Version: 0.1.122",
                "Version": 2
            }
        },
        {
            "type": "Microsoft.OperationalInsights/workspaces/savedSearches",
            "apiVersion": "2015-03-20",
            "name": "[concat(parameters('workspaces_coresystemsworkspace_name'), '/LogManagement(', parameters('workspaces_coresystemsworkspace_name'), ')_LogManagement|WarningEvents')]",
            "dependsOn": [
                "[resourceId('Microsoft.OperationalInsights/workspaces', parameters('workspaces_coresystemsworkspace_name'))]"
            ],
            "properties": {
                "DisplayName": "All Events with level \"Warning\"",
                "Category": "Log Management",
                "Query": "Event | where EventLevelName == \"warning\" | sort by TimeGenerated desc\r\n// Oql: Type=Event EventLevelName=warning // Args: {OQ: True; WorkspaceId: 00000000-0000-0000-0000-000000000000} // Settings: {PTT: True; SortI: True; SortF: True} // Version: 0.1.122",
                "Version": 2
            }
        },
        {
            "type": "Microsoft.OperationalInsights/workspaces/savedSearches",
            "apiVersion": "2015-03-20",
            "name": "[concat(parameters('workspaces_coresystemsworkspace_name'), '/LogManagement(', parameters('workspaces_coresystemsworkspace_name'), ')_LogManagement|WindowsFireawallPolicySettingsChanged')]",
            "dependsOn": [
                "[resourceId('Microsoft.OperationalInsights/workspaces', parameters('workspaces_coresystemsworkspace_name'))]"
            ],
            "properties": {
                "DisplayName": "Windows Firewall Policy settings have changed",
                "Category": "Log Management",
                "Query": "Event | where EventLog == \"Microsoft-Windows-Windows Firewall With Advanced Security/Firewall\" and EventID == 2008 | sort by TimeGenerated desc\r\n// Oql: Type=Event EventLog=\"Microsoft-Windows-Windows Firewall With Advanced Security/Firewall\" EventID=2008 // Args: {OQ: True; WorkspaceId: 00000000-0000-0000-0000-000000000000} // Settings: {PTT: True; SortI: True; SortF: True} // Version: 0.1.122",
                "Version": 2
            }
        },
        {
            "type": "Microsoft.OperationalInsights/workspaces/savedSearches",
            "apiVersion": "2015-03-20",
            "name": "[concat(parameters('workspaces_coresystemsworkspace_name'), '/LogManagement(', parameters('workspaces_coresystemsworkspace_name'), ')_LogManagement|WindowsFireawallPolicySettingsChangedByMachines')]",
            "dependsOn": [
                "[resourceId('Microsoft.OperationalInsights/workspaces', parameters('workspaces_coresystemsworkspace_name'))]"
            ],
            "properties": {
                "DisplayName": "On which machines and how many times have Windows Firewall Policy settings changed",
                "Category": "Log Management",
                "Query": "Event | where EventLog == \"Microsoft-Windows-Windows Firewall With Advanced Security/Firewall\" and EventID == 2008 | summarize AggregatedValue = count() by Computer | limit 500000\r\n// Oql: Type=Event EventLog=\"Microsoft-Windows-Windows Firewall With Advanced Security/Firewall\" EventID=2008 | measure count() by Computer | top 500000 // Args: {OQ: True; WorkspaceId: 00000000-0000-0000-0000-000000000000} // Settings: {PTT: True; SortI: True; SortF: True} // Version: 0.1.122",
                "Version": 2
            }
        },
        {
            "type": "Microsoft.OperationsManagement/solutions",
            "apiVersion": "2015-11-01-preview",
            "name": "[parameters('solutions_Microsoft_Azure_SQL_Database___Security_Insights_and_Access_to_Sensitive_Data_[coresystemsworkspace]_name')]",
            "location": "Australia East",
            "dependsOn": [
                "[resourceId('microsoft.operationalinsights/workspaces', parameters('workspaces_coresystemsworkspace_name'))]"
            ],
            "plan": {
                "name": "Microsoft Azure SQL Database - Security Insights and Access to Sensitive Data [coresystemsworkspace]",
                "promotionCode": "",
                "product": "Microsoft Azure SQL Database - Security Insights and Access to Sensitive Data",
                "publisher": "Microsoft"
            },
            "properties": {
                "workspaceResourceId": "[resourceId('microsoft.operationalinsights/workspaces', parameters('workspaces_coresystemsworkspace_name'))]",
                "containedResources": [
                    "[concat(resourceId('microsoft.operationalinsights/workspaces', parameters('workspaces_coresystemsworkspace_name')), '/views/Azure SQL – Access to Sensitive Data')]",
                    "[concat(resourceId('microsoft.operationalinsights/workspaces', parameters('workspaces_coresystemsworkspace_name')), '/views/Azure SQL – Security Insights')]"
                ],
                "referencedResources": []
            }
        },
        {
            "type": "Microsoft.OperationsManagement/solutions",
            "apiVersion": "2015-11-01-preview",
            "name": "[parameters('solutions_SecurityCenterFree(CoreSystemsWorkspace)_name')]",
            "location": "Australia East",
            "dependsOn": [
                "[resourceId('microsoft.operationalinsights/workspaces', parameters('workspaces_coresystemsworkspace_name'))]"
            ],
            "plan": {
                "name": "SecurityCenterFree(CoreSystemsWorkspace)",
                "promotionCode": "",
                "product": "OMSGallery/SecurityCenterFree",
                "publisher": "Microsoft"
            },
            "properties": {
                "workspaceResourceId": "[resourceId('microsoft.operationalinsights/workspaces', parameters('workspaces_coresystemsworkspace_name'))]",
                "containedResources": []
            }
        },
        {
            "type": "Microsoft.RecoveryServices/vaults/backupPolicies",
            "apiVersion": "2016-12-01",
            "name": "[concat(parameters('vaults_CoreServicesVault_name'), '/DailyBackup')]",
            "dependsOn": [
                "[resourceId('Microsoft.RecoveryServices/vaults', parameters('vaults_CoreServicesVault_name'))]"
            ],
            "properties": {
                "backupManagementType": "AzureIaasVM",
                "protectedItemsCount": 0
            }
        },
        {
            "type": "Microsoft.RecoveryServices/vaults/backupPolicies",
            "apiVersion": "2016-12-01",
            "name": "[concat(parameters('vaults_CoreServicesVault_name'), '/DailyPolicy')]",
            "dependsOn": [
                "[resourceId('Microsoft.RecoveryServices/vaults', parameters('vaults_CoreServicesVault_name'))]"
            ],
            "properties": {
                "backupManagementType": "AzureIaasVM",
                "protectedItemsCount": 0
            }
        },
        {
            "type": "Microsoft.RecoveryServices/vaults/backupPolicies",
            "apiVersion": "2016-12-01",
            "name": "[concat(parameters('vaults_CoreServicesVault_name'), '/DefaultPolicy')]",
            "dependsOn": [
                "[resourceId('Microsoft.RecoveryServices/vaults', parameters('vaults_CoreServicesVault_name'))]"
            ],
            "properties": {
                "backupManagementType": "AzureIaasVM",
                "protectedItemsCount": 0
            }
        },
        {
            "type": "Microsoft.RecoveryServices/vaults/backupPolicies",
            "apiVersion": "2016-12-01",
            "name": "[concat(parameters('vaults_CoreServicesVault_name'), '/HourlyLogBackup')]",
            "dependsOn": [
                "[resourceId('Microsoft.RecoveryServices/vaults', parameters('vaults_CoreServicesVault_name'))]"
            ],
            "properties": {
                "backupManagementType": "AzureWorkload",
                "protectedItemsCount": 0
            }
        },
        {
            "type": "Microsoft.RecoveryServices/vaults/replicationAlertSettings",
            "apiVersion": "2018-01-10",
            "name": "[concat(parameters('vaults_CoreServicesVault_name'), '/defaultAlertSetting')]",
            "dependsOn": [
                "[resourceId('Microsoft.RecoveryServices/vaults', parameters('vaults_CoreServicesVault_name'))]"
            ],
            "properties": {
                "sendToOwners": "DoNotSend",
                "customEmailAddresses": []
            }
        },
        {
            "type": "Microsoft.Network/bastionHosts",
            "apiVersion": "2019-08-01",
            "name": "[parameters('bastionHosts_SynergyCoreServicesBastion_name')]",
            "location": "australiaeast",
            "dependsOn": [
                "[resourceId('Microsoft.Network/publicIPAddresses', parameters('publicIPAddresses_SynergyCoreSystemsPIP_name'))]",
                "[resourceId('Microsoft.Network/virtualNetworks/subnets', parameters('virtualNetworks_SynergyCoreSystems_name'), 'AzureBastionSubnet')]"
            ],
            "properties": {
                "dnsName": "bst-141531f7-4d16-4f84-beb4-8a553cd3bf84.bastion.azure.com",
                "ipConfigurations": [
                    {
                        "name": "IpConf",
                        "properties": {
                            "privateIPAllocationMethod": "Dynamic",
                            "publicIPAddress": {
                                "id": "[resourceId('Microsoft.Network/publicIPAddresses', parameters('publicIPAddresses_SynergyCoreSystemsPIP_name'))]"
                            },
                            "subnet": {
                                "id": "[resourceId('Microsoft.Network/virtualNetworks/subnets', parameters('virtualNetworks_SynergyCoreSystems_name'), 'AzureBastionSubnet')]"
                            }
                        }
                    }
                ]
            }
        }
    ]
}