{
    "$schema": "https://schema.management.azure.com/schemas/2015-01-01/deploymentParameters.json#",
    "contentVersion": "1.0.0.0",
    "parameters": {
        "servers_coresystemsdbgeo_name": {
            "value": null
        },
        "servers_coresystemsdbserver_name": {
            "value": null
        },
        "storageAccounts_sqlvad65cvnihf3gv2_name": {
            "value": null
        },
        "storageAccounts_sqlvawzmldu7jp3cko_name": {
            "value": null
        },
        "networkSecurityGroups_DatabaseTierNSG_name": {
            "value": null
        },
        "storageAccounts_synreplicationstorage_name": {
            "value": null
        },
        "storageAccounts_databaseresourcegroup615_name": {
            "value": null
        },
        "virtualNetworks_SynergyCoreSystems_externalid": {
            "value": null
        }
    }
}