{
    "$schema": "https://schema.management.azure.com/schemas/2015-01-01/deploymentTemplate.json#",
    "contentVersion": "1.0.0.0",
    "parameters": {
        "servers_coresystemsdbgeo_name": {
            "defaultValue": "coresystemsdbgeo",
            "type": "String"
        },
        "servers_coresystemsdbserver_name": {
            "defaultValue": "coresystemsdbserver",
            "type": "String"
        },
        "storageAccounts_sqlvad65cvnihf3gv2_name": {
            "defaultValue": "sqlvad65cvnihf3gv2",
            "type": "String"
        },
        "storageAccounts_sqlvawzmldu7jp3cko_name": {
            "defaultValue": "sqlvawzmldu7jp3cko",
            "type": "String"
        },
        "networkSecurityGroups_DatabaseTierNSG_name": {
            "defaultValue": "DatabaseTierNSG",
            "type": "String"
        },
        "storageAccounts_synreplicationstorage_name": {
            "defaultValue": "synreplicationstorage",
            "type": "String"
        },
        "storageAccounts_databaseresourcegroup615_name": {
            "defaultValue": "databaseresourcegroup615",
            "type": "String"
        },
        "virtualNetworks_SynergyCoreSystems_externalid": {
            "defaultValue": "/subscriptions/dd3dfec0-514d-4833-9456-f65c43d1d083/resourceGroups/CoreSystems/providers/Microsoft.Network/virtualNetworks/SynergyCoreSystems",
            "type": "String"
        }
    },
    "variables": {},
    "resources": [
        {
            "type": "Microsoft.Network/networkSecurityGroups",
            "apiVersion": "2019-08-01",
            "name": "[parameters('networkSecurityGroups_DatabaseTierNSG_name')]",
            "location": "australiaeast",
            "properties": {
                "securityRules": []
            }
        },
        {
            "type": "Microsoft.Sql/servers",
            "apiVersion": "2015-05-01-preview",
            "name": "[parameters('servers_coresystemsdbgeo_name')]",
            "location": "australiasoutheast",
            "kind": "v12.0",
            "properties": {
                "administratorLogin": "SYNERGY_DB_ADM1N",
                "version": "12.0"
            }
        },
        {
            "type": "Microsoft.Sql/servers",
            "apiVersion": "2015-05-01-preview",
            "name": "[parameters('servers_coresystemsdbserver_name')]",
            "location": "australiaeast",
            "kind": "v12.0",
            "properties": {
                "administratorLogin": "SYNERGY_DB_ADM1N",
                "version": "12.0"
            }
        },
        {
            "type": "Microsoft.Storage/storageAccounts",
            "apiVersion": "2019-04-01",
            "name": "[parameters('storageAccounts_databaseresourcegroup615_name')]",
            "location": "australiaeast",
            "sku": {
                "name": "Standard_LRS",
                "tier": "Standard"
            },
            "kind": "Storage",
            "properties": {
                "networkAcls": {
                    "bypass": "AzureServices",
                    "virtualNetworkRules": [],
                    "ipRules": [],
                    "defaultAction": "Allow"
                },
                "supportsHttpsTrafficOnly": true,
                "encryption": {
                    "services": {
                        "file": {
                            "enabled": true
                        },
                        "blob": {
                            "enabled": true
                        }
                    },
                    "keySource": "Microsoft.Storage"
                }
            }
        },
        {
            "type": "Microsoft.Storage/storageAccounts",
            "apiVersion": "2019-04-01",
            "name": "[parameters('storageAccounts_sqlvad65cvnihf3gv2_name')]",
            "location": "australiasoutheast",
            "sku": {
                "name": "Standard_LRS",
                "tier": "Standard"
            },
            "kind": "Storage",
            "properties": {
                "networkAcls": {
                    "bypass": "AzureServices",
                    "virtualNetworkRules": [],
                    "ipRules": [],
                    "defaultAction": "Allow"
                },
                "supportsHttpsTrafficOnly": true,
                "encryption": {
                    "services": {
                        "file": {
                            "enabled": true
                        },
                        "blob": {
                            "enabled": true
                        }
                    },
                    "keySource": "Microsoft.Storage"
                }
            }
        },
        {
            "type": "Microsoft.Storage/storageAccounts",
            "apiVersion": "2019-04-01",
            "name": "[parameters('storageAccounts_sqlvawzmldu7jp3cko_name')]",
            "location": "australiaeast",
            "sku": {
                "name": "Standard_LRS",
                "tier": "Standard"
            },
            "kind": "Storage",
            "properties": {
                "networkAcls": {
                    "bypass": "AzureServices",
                    "virtualNetworkRules": [],
                    "ipRules": [],
                    "defaultAction": "Allow"
                },
                "supportsHttpsTrafficOnly": true,
                "encryption": {
                    "services": {
                        "file": {
                            "enabled": true
                        },
                        "blob": {
                            "enabled": true
                        }
                    },
                    "keySource": "Microsoft.Storage"
                }
            }
        },
        {
            "type": "Microsoft.Storage/storageAccounts",
            "apiVersion": "2019-04-01",
            "name": "[parameters('storageAccounts_synreplicationstorage_name')]",
            "location": "australiasoutheast",
            "sku": {
                "name": "Standard_LRS",
                "tier": "Standard"
            },
            "kind": "Storage",
            "properties": {
                "networkAcls": {
                    "bypass": "AzureServices",
                    "virtualNetworkRules": [],
                    "ipRules": [],
                    "defaultAction": "Allow"
                },
                "supportsHttpsTrafficOnly": true,
                "encryption": {
                    "services": {
                        "file": {
                            "enabled": true
                        },
                        "blob": {
                            "enabled": true
                        }
                    },
                    "keySource": "Microsoft.Storage"
                }
            }
        },
        {
            "type": "Microsoft.Sql/servers/administrators",
            "apiVersion": "2014-04-01",
            "name": "[concat(parameters('servers_coresystemsdbgeo_name'), '/ActiveDirectory')]",
            "location": "Australia Southeast",
            "dependsOn": [
                "[resourceId('Microsoft.Sql/servers', parameters('servers_coresystemsdbgeo_name'))]"
            ],
            "properties": {
                "administratorType": "ActiveDirectory",
                "login": "ROlsen@synergygroup.net.au",
                "sid": "e1b70eb5-a74c-46a0-b226-71fb8e1c5237",
                "tenantId": "5a8e818b-94c8-4362-af22-856820442107"
            }
        },
        {
            "type": "Microsoft.Sql/servers/administrators",
            "apiVersion": "2014-04-01",
            "name": "[concat(parameters('servers_coresystemsdbserver_name'), '/ActiveDirectory')]",
            "location": "Australia East",
            "dependsOn": [
                "[resourceId('Microsoft.Sql/servers', parameters('servers_coresystemsdbserver_name'))]"
            ],
            "properties": {
                "administratorType": "ActiveDirectory",
                "login": "rolsen@synergygroup.net.au",
                "sid": "e1b70eb5-a74c-46a0-b226-71fb8e1c5237",
                "tenantId": "5a8e818b-94c8-4362-af22-856820442107"
            }
        },
        {
            "type": "Microsoft.Sql/servers/advisors",
            "apiVersion": "2014-04-01",
            "name": "[concat(parameters('servers_coresystemsdbgeo_name'), '/CreateIndex')]",
            "dependsOn": [
                "[resourceId('Microsoft.Sql/servers', parameters('servers_coresystemsdbgeo_name'))]"
            ],
            "properties": {
                "autoExecuteValue": "Disabled"
            }
        },
        {
            "type": "Microsoft.Sql/servers/advisors",
            "apiVersion": "2014-04-01",
            "name": "[concat(parameters('servers_coresystemsdbserver_name'), '/CreateIndex')]",
            "dependsOn": [
                "[resourceId('Microsoft.Sql/servers', parameters('servers_coresystemsdbserver_name'))]"
            ],
            "properties": {
                "autoExecuteValue": "Enabled"
            }
        },
        {
            "type": "Microsoft.Sql/servers/advisors",
            "apiVersion": "2014-04-01",
            "name": "[concat(parameters('servers_coresystemsdbgeo_name'), '/DbParameterization')]",
            "dependsOn": [
                "[resourceId('Microsoft.Sql/servers', parameters('servers_coresystemsdbgeo_name'))]"
            ],
            "properties": {
                "autoExecuteValue": "Disabled"
            }
        },
        {
            "type": "Microsoft.Sql/servers/advisors",
            "apiVersion": "2014-04-01",
            "name": "[concat(parameters('servers_coresystemsdbserver_name'), '/DbParameterization')]",
            "dependsOn": [
                "[resourceId('Microsoft.Sql/servers', parameters('servers_coresystemsdbserver_name'))]"
            ],
            "properties": {
                "autoExecuteValue": "Disabled"
            }
        },
        {
            "type": "Microsoft.Sql/servers/advisors",
            "apiVersion": "2014-04-01",
            "name": "[concat(parameters('servers_coresystemsdbgeo_name'), '/DefragmentIndex')]",
            "dependsOn": [
                "[resourceId('Microsoft.Sql/servers', parameters('servers_coresystemsdbgeo_name'))]"
            ],
            "properties": {
                "autoExecuteValue": "Disabled"
            }
        },
        {
            "type": "Microsoft.Sql/servers/advisors",
            "apiVersion": "2014-04-01",
            "name": "[concat(parameters('servers_coresystemsdbserver_name'), '/DefragmentIndex')]",
            "dependsOn": [
                "[resourceId('Microsoft.Sql/servers', parameters('servers_coresystemsdbserver_name'))]"
            ],
            "properties": {
                "autoExecuteValue": "Disabled"
            }
        },
        {
            "type": "Microsoft.Sql/servers/advisors",
            "apiVersion": "2014-04-01",
            "name": "[concat(parameters('servers_coresystemsdbgeo_name'), '/DropIndex')]",
            "dependsOn": [
                "[resourceId('Microsoft.Sql/servers', parameters('servers_coresystemsdbgeo_name'))]"
            ],
            "properties": {
                "autoExecuteValue": "Disabled"
            }
        },
        {
            "type": "Microsoft.Sql/servers/advisors",
            "apiVersion": "2014-04-01",
            "name": "[concat(parameters('servers_coresystemsdbserver_name'), '/DropIndex')]",
            "dependsOn": [
                "[resourceId('Microsoft.Sql/servers', parameters('servers_coresystemsdbserver_name'))]"
            ],
            "properties": {
                "autoExecuteValue": "Disabled"
            }
        },
        {
            "type": "Microsoft.Sql/servers/advisors",
            "apiVersion": "2014-04-01",
            "name": "[concat(parameters('servers_coresystemsdbgeo_name'), '/ForceLastGoodPlan')]",
            "dependsOn": [
                "[resourceId('Microsoft.Sql/servers', parameters('servers_coresystemsdbgeo_name'))]"
            ],
            "properties": {
                "autoExecuteValue": "Disabled"
            }
        },
        {
            "type": "Microsoft.Sql/servers/advisors",
            "apiVersion": "2014-04-01",
            "name": "[concat(parameters('servers_coresystemsdbserver_name'), '/ForceLastGoodPlan')]",
            "dependsOn": [
                "[resourceId('Microsoft.Sql/servers', parameters('servers_coresystemsdbserver_name'))]"
            ],
            "properties": {
                "autoExecuteValue": "Enabled"
            }
        },
        {
            "type": "Microsoft.Sql/servers/auditingPolicies",
            "apiVersion": "2014-04-01",
            "name": "[concat(parameters('servers_coresystemsdbgeo_name'), '/Default')]",
            "location": "Australia Southeast",
            "dependsOn": [
                "[resourceId('Microsoft.Sql/servers', parameters('servers_coresystemsdbgeo_name'))]"
            ],
            "properties": {
                "auditingState": "Disabled"
            }
        },
        {
            "type": "Microsoft.Sql/servers/auditingPolicies",
            "apiVersion": "2014-04-01",
            "name": "[concat(parameters('servers_coresystemsdbserver_name'), '/Default')]",
            "location": "Australia East",
            "dependsOn": [
                "[resourceId('Microsoft.Sql/servers', parameters('servers_coresystemsdbserver_name'))]"
            ],
            "properties": {
                "auditingState": "Disabled"
            }
        },
        {
            "type": "Microsoft.Sql/servers/databases",
            "apiVersion": "2017-03-01-preview",
            "name": "[concat(parameters('servers_coresystemsdbserver_name'), '/BluePrismDBDEV')]",
            "location": "australiaeast",
            "dependsOn": [
                "[resourceId('Microsoft.Sql/servers', parameters('servers_coresystemsdbserver_name'))]"
            ],
            "sku": {
                "name": "S0",
                "tier": "Standard"
            },
            "kind": "v12.0,user",
            "properties": {
                "collation": "SQL_Latin1_General_CP1_CI_AS",
                "maxSizeBytes": 268435456000,
                "catalogCollation": "SQL_Latin1_General_CP1_CI_AS",
                "zoneRedundant": false
            }
        },
        {
            "type": "Microsoft.Sql/servers/databases",
            "apiVersion": "2017-03-01-preview",
            "name": "[concat(parameters('servers_coresystemsdbgeo_name'), '/BluePrismDBLIVE')]",
            "location": "australiasoutheast",
            "dependsOn": [
                "[resourceId('Microsoft.Sql/servers', parameters('servers_coresystemsdbgeo_name'))]"
            ],
            "sku": {
                "name": "S0",
                "tier": "Standard"
            },
            "kind": "v12.0,user",
            "properties": {
                "collation": "SQL_Latin1_General_CP1_CI_AS",
                "maxSizeBytes": 268435456000,
                "catalogCollation": "SQL_Latin1_General_CP1_CI_AS",
                "zoneRedundant": false
            }
        },
        {
            "type": "Microsoft.Sql/servers/databases",
            "apiVersion": "2017-03-01-preview",
            "name": "[concat(parameters('servers_coresystemsdbserver_name'), '/BluePrismDBLIVE')]",
            "location": "australiaeast",
            "dependsOn": [
                "[resourceId('Microsoft.Sql/servers', parameters('servers_coresystemsdbserver_name'))]"
            ],
            "sku": {
                "name": "S0",
                "tier": "Standard"
            },
            "kind": "v12.0,user",
            "properties": {
                "collation": "SQL_Latin1_General_CP1_CI_AS",
                "maxSizeBytes": 268435456000,
                "catalogCollation": "SQL_Latin1_General_CP1_CI_AS",
                "zoneRedundant": false
            }
        },
        {
            "type": "Microsoft.Sql/servers/databases",
            "apiVersion": "2017-03-01-preview",
            "name": "[concat(parameters('servers_coresystemsdbserver_name'), '/BluePrismDBScript')]",
            "location": "australiaeast",
            "dependsOn": [
                "[resourceId('Microsoft.Sql/servers', parameters('servers_coresystemsdbserver_name'))]"
            ],
            "sku": {
                "name": "S0",
                "tier": "Standard"
            },
            "kind": "v12.0,user",
            "properties": {
                "collation": "SQL_Latin1_General_CP1_CI_AS",
                "maxSizeBytes": 268435456000,
                "catalogCollation": "SQL_Latin1_General_CP1_CI_AS",
                "zoneRedundant": false
            }
        },
        {
            "type": "Microsoft.Sql/servers/databases/auditingPolicies",
            "apiVersion": "2014-04-01",
            "name": "[concat(parameters('servers_coresystemsdbgeo_name'), '/master/Default')]",
            "location": "Australia Southeast",
            "dependsOn": [
                "[resourceId('Microsoft.Sql/servers', parameters('servers_coresystemsdbgeo_name'))]"
            ],
            "properties": {
                "auditingState": "Disabled"
            }
        },
        {
            "type": "Microsoft.Sql/servers/databases/auditingPolicies",
            "apiVersion": "2014-04-01",
            "name": "[concat(parameters('servers_coresystemsdbserver_name'), '/master/Default')]",
            "location": "Australia East",
            "dependsOn": [
                "[resourceId('Microsoft.Sql/servers', parameters('servers_coresystemsdbserver_name'))]"
            ],
            "properties": {
                "auditingState": "Disabled"
            }
        },
        {
            "type": "Microsoft.Sql/servers/databases/auditingSettings",
            "apiVersion": "2017-03-01-preview",
            "name": "[concat(parameters('servers_coresystemsdbgeo_name'), '/master/Default')]",
            "dependsOn": [
                "[resourceId('Microsoft.Sql/servers', parameters('servers_coresystemsdbgeo_name'))]"
            ],
            "properties": {
                "state": "Disabled",
                "retentionDays": 0,
                "auditActionsAndGroups": [],
                "storageAccountSubscriptionId": "00000000-0000-0000-0000-000000000000",
                "isStorageSecondaryKeyInUse": false
            }
        },
        {
            "type": "Microsoft.Sql/servers/databases/auditingSettings",
            "apiVersion": "2017-03-01-preview",
            "name": "[concat(parameters('servers_coresystemsdbserver_name'), '/master/Default')]",
            "dependsOn": [
                "[resourceId('Microsoft.Sql/servers', parameters('servers_coresystemsdbserver_name'))]"
            ],
            "properties": {
                "state": "Disabled",
                "retentionDays": 0,
                "auditActionsAndGroups": [],
                "storageAccountSubscriptionId": "00000000-0000-0000-0000-000000000000",
                "isStorageSecondaryKeyInUse": false
            }
        },
        {
            "type": "Microsoft.Sql/servers/databases/extendedAuditingSettings",
            "apiVersion": "2017-03-01-preview",
            "name": "[concat(parameters('servers_coresystemsdbgeo_name'), '/master/Default')]",
            "dependsOn": [
                "[resourceId('Microsoft.Sql/servers', parameters('servers_coresystemsdbgeo_name'))]"
            ],
            "properties": {
                "state": "Disabled",
                "retentionDays": 0,
                "auditActionsAndGroups": [],
                "storageAccountSubscriptionId": "00000000-0000-0000-0000-000000000000",
                "isStorageSecondaryKeyInUse": false
            }
        },
        {
            "type": "Microsoft.Sql/servers/databases/extendedAuditingSettings",
            "apiVersion": "2017-03-01-preview",
            "name": "[concat(parameters('servers_coresystemsdbserver_name'), '/master/Default')]",
            "dependsOn": [
                "[resourceId('Microsoft.Sql/servers', parameters('servers_coresystemsdbserver_name'))]"
            ],
            "properties": {
                "state": "Disabled",
                "retentionDays": 0,
                "auditActionsAndGroups": [],
                "storageAccountSubscriptionId": "00000000-0000-0000-0000-000000000000",
                "isStorageSecondaryKeyInUse": false
            }
        },
        {
            "type": "Microsoft.Sql/servers/databases/geoBackupPolicies",
            "apiVersion": "2014-04-01",
            "name": "[concat(parameters('servers_coresystemsdbgeo_name'), '/master/Default')]",
            "location": "Australia Southeast",
            "dependsOn": [
                "[resourceId('Microsoft.Sql/servers', parameters('servers_coresystemsdbgeo_name'))]"
            ],
            "properties": {
                "state": "Enabled"
            }
        },
        {
            "type": "Microsoft.Sql/servers/databases/geoBackupPolicies",
            "apiVersion": "2014-04-01",
            "name": "[concat(parameters('servers_coresystemsdbserver_name'), '/master/Default')]",
            "location": "Australia East",
            "dependsOn": [
                "[resourceId('Microsoft.Sql/servers', parameters('servers_coresystemsdbserver_name'))]"
            ],
            "properties": {
                "state": "Enabled"
            }
        },
        {
            "type": "Microsoft.Sql/servers/databases/securityAlertPolicies",
            "apiVersion": "2018-06-01-preview",
            "name": "[concat(parameters('servers_coresystemsdbgeo_name'), '/master/Default')]",
            "dependsOn": [
                "[resourceId('Microsoft.Sql/servers', parameters('servers_coresystemsdbgeo_name'))]"
            ],
            "properties": {
                "state": "Disabled",
                "disabledAlerts": [
                    ""
                ],
                "emailAddresses": [
                    ""
                ],
                "emailAccountAdmins": false,
                "retentionDays": 0
            }
        },
        {
            "type": "Microsoft.Sql/servers/databases/securityAlertPolicies",
            "apiVersion": "2018-06-01-preview",
            "name": "[concat(parameters('servers_coresystemsdbserver_name'), '/master/Default')]",
            "dependsOn": [
                "[resourceId('Microsoft.Sql/servers', parameters('servers_coresystemsdbserver_name'))]"
            ],
            "properties": {
                "state": "Disabled",
                "disabledAlerts": [
                    ""
                ],
                "emailAddresses": [
                    ""
                ],
                "emailAccountAdmins": false,
                "retentionDays": 0
            }
        },
        {
            "type": "Microsoft.Sql/servers/databases/transparentDataEncryption",
            "apiVersion": "2014-04-01",
            "name": "[concat(parameters('servers_coresystemsdbgeo_name'), '/master/current')]",
            "location": "Australia Southeast",
            "dependsOn": [
                "[resourceId('Microsoft.Sql/servers', parameters('servers_coresystemsdbgeo_name'))]"
            ],
            "properties": {
                "status": "Disabled"
            }
        },
        {
            "type": "Microsoft.Sql/servers/databases/transparentDataEncryption",
            "apiVersion": "2014-04-01",
            "name": "[concat(parameters('servers_coresystemsdbserver_name'), '/master/current')]",
            "location": "Australia East",
            "dependsOn": [
                "[resourceId('Microsoft.Sql/servers', parameters('servers_coresystemsdbserver_name'))]"
            ],
            "properties": {
                "status": "Disabled"
            }
        },
        {
            "type": "Microsoft.Sql/servers/databases/vulnerabilityAssessments",
            "apiVersion": "2017-03-01-preview",
            "name": "[concat(parameters('servers_coresystemsdbgeo_name'), '/master/Default')]",
            "dependsOn": [
                "[resourceId('Microsoft.Sql/servers', parameters('servers_coresystemsdbgeo_name'))]"
            ],
            "properties": {
                "recurringScans": {
                    "isEnabled": false,
                    "emailSubscriptionAdmins": true
                }
            }
        },
        {
            "type": "Microsoft.Sql/servers/databases/vulnerabilityAssessments",
            "apiVersion": "2017-03-01-preview",
            "name": "[concat(parameters('servers_coresystemsdbserver_name'), '/master/Default')]",
            "dependsOn": [
                "[resourceId('Microsoft.Sql/servers', parameters('servers_coresystemsdbserver_name'))]"
            ],
            "properties": {
                "recurringScans": {
                    "isEnabled": false,
                    "emailSubscriptionAdmins": true
                }
            }
        },
        {
            "type": "Microsoft.Sql/servers/encryptionProtector",
            "apiVersion": "2015-05-01-preview",
            "name": "[concat(parameters('servers_coresystemsdbgeo_name'), '/current')]",
            "dependsOn": [
                "[resourceId('Microsoft.Sql/servers', parameters('servers_coresystemsdbgeo_name'))]"
            ],
            "kind": "servicemanaged",
            "properties": {
                "serverKeyName": "ServiceManaged",
                "serverKeyType": "ServiceManaged"
            }
        },
        {
            "type": "Microsoft.Sql/servers/encryptionProtector",
            "apiVersion": "2015-05-01-preview",
            "name": "[concat(parameters('servers_coresystemsdbserver_name'), '/current')]",
            "dependsOn": [
                "[resourceId('Microsoft.Sql/servers', parameters('servers_coresystemsdbserver_name'))]"
            ],
            "kind": "servicemanaged",
            "properties": {
                "serverKeyName": "ServiceManaged",
                "serverKeyType": "ServiceManaged"
            }
        },
        {
            "type": "Microsoft.Sql/servers/firewallRules",
            "apiVersion": "2015-05-01-preview",
            "name": "[concat(parameters('servers_coresystemsdbgeo_name'), '/AllowAllWindowsAzureIps')]",
            "dependsOn": [
                "[resourceId('Microsoft.Sql/servers', parameters('servers_coresystemsdbgeo_name'))]"
            ],
            "properties": {
                "startIpAddress": "0.0.0.0",
                "endIpAddress": "0.0.0.0"
            }
        },
        {
            "type": "Microsoft.Sql/servers/firewallRules",
            "apiVersion": "2015-05-01-preview",
            "name": "[concat(parameters('servers_coresystemsdbserver_name'), '/AllowAllWindowsAzureIps')]",
            "dependsOn": [
                "[resourceId('Microsoft.Sql/servers', parameters('servers_coresystemsdbserver_name'))]"
            ],
            "properties": {
                "startIpAddress": "0.0.0.0",
                "endIpAddress": "0.0.0.0"
            }
        },
        {
            "type": "Microsoft.Sql/servers/firewallRules",
            "apiVersion": "2015-05-01-preview",
            "name": "[concat(parameters('servers_coresystemsdbserver_name'), '/ClientIPAddress_2019-10-02_02:14:27')]",
            "dependsOn": [
                "[resourceId('Microsoft.Sql/servers', parameters('servers_coresystemsdbserver_name'))]"
            ],
            "properties": {
                "startIpAddress": "119.15.106.0",
                "endIpAddress": "119.15.106.255"
            }
        },
        {
            "type": "Microsoft.Sql/servers/firewallRules",
            "apiVersion": "2015-05-01-preview",
            "name": "[concat(parameters('servers_coresystemsdbgeo_name'), '/ClientIPAddress_2019-10-02_02:20:52')]",
            "dependsOn": [
                "[resourceId('Microsoft.Sql/servers', parameters('servers_coresystemsdbgeo_name'))]"
            ],
            "properties": {
                "startIpAddress": "119.15.106.134",
                "endIpAddress": "119.15.106.134"
            }
        },
        {
            "type": "Microsoft.Sql/servers/firewallRules",
            "apiVersion": "2015-05-01-preview",
            "name": "[concat(parameters('servers_coresystemsdbserver_name'), '/ClientIPAddress_2019-10-02_11:02:15')]",
            "dependsOn": [
                "[resourceId('Microsoft.Sql/servers', parameters('servers_coresystemsdbserver_name'))]"
            ],
            "properties": {
                "startIpAddress": "49.181.240.0",
                "endIpAddress": "49.181.240.255"
            }
        },
        {
            "type": "Microsoft.Sql/servers/firewallRules",
            "apiVersion": "2015-05-01-preview",
            "name": "[concat(parameters('servers_coresystemsdbserver_name'), '/ClientIPAddress_2019-10-02_11:09:59')]",
            "dependsOn": [
                "[resourceId('Microsoft.Sql/servers', parameters('servers_coresystemsdbserver_name'))]"
            ],
            "properties": {
                "startIpAddress": "49.181.245.41",
                "endIpAddress": "49.181.245.41"
            }
        },
        {
            "type": "Microsoft.Sql/servers/firewallRules",
            "apiVersion": "2015-05-01-preview",
            "name": "[concat(parameters('servers_coresystemsdbserver_name'), '/ClientIPAddress_2019-10-03_10:37:04')]",
            "dependsOn": [
                "[resourceId('Microsoft.Sql/servers', parameters('servers_coresystemsdbserver_name'))]"
            ],
            "properties": {
                "startIpAddress": "103.212.224.0",
                "endIpAddress": "103.212.224.255"
            }
        },
        {
            "type": "Microsoft.Sql/servers/keys",
            "apiVersion": "2015-05-01-preview",
            "name": "[concat(parameters('servers_coresystemsdbgeo_name'), '/ServiceManaged')]",
            "dependsOn": [
                "[resourceId('Microsoft.Sql/servers', parameters('servers_coresystemsdbgeo_name'))]"
            ],
            "kind": "servicemanaged",
            "properties": {
                "serverKeyType": "ServiceManaged"
            }
        },
        {
            "type": "Microsoft.Sql/servers/keys",
            "apiVersion": "2015-05-01-preview",
            "name": "[concat(parameters('servers_coresystemsdbserver_name'), '/ServiceManaged')]",
            "dependsOn": [
                "[resourceId('Microsoft.Sql/servers', parameters('servers_coresystemsdbserver_name'))]"
            ],
            "kind": "servicemanaged",
            "properties": {
                "serverKeyType": "ServiceManaged"
            }
        },
        {
            "type": "Microsoft.Sql/servers/securityAlertPolicies",
            "apiVersion": "2017-03-01-preview",
            "name": "[concat(parameters('servers_coresystemsdbgeo_name'), '/Default')]",
            "dependsOn": [
                "[resourceId('Microsoft.Sql/servers', parameters('servers_coresystemsdbgeo_name'))]"
            ],
            "properties": {
                "state": "Enabled",
                "disabledAlerts": [
                    ""
                ],
                "emailAddresses": [
                    ""
                ],
                "emailAccountAdmins": true,
                "retentionDays": 0
            }
        },
        {
            "type": "Microsoft.Sql/servers/securityAlertPolicies",
            "apiVersion": "2017-03-01-preview",
            "name": "[concat(parameters('servers_coresystemsdbserver_name'), '/Default')]",
            "dependsOn": [
                "[resourceId('Microsoft.Sql/servers', parameters('servers_coresystemsdbserver_name'))]"
            ],
            "properties": {
                "state": "Enabled",
                "disabledAlerts": [
                    ""
                ],
                "emailAddresses": [
                    ""
                ],
                "emailAccountAdmins": true,
                "retentionDays": 0
            }
        },
        {
            "type": "Microsoft.Sql/servers/virtualNetworkRules",
            "apiVersion": "2015-05-01-preview",
            "name": "[concat(parameters('servers_coresystemsdbserver_name'), '/newVnetRule1')]",
            "dependsOn": [
                "[resourceId('Microsoft.Sql/servers', parameters('servers_coresystemsdbserver_name'))]"
            ],
            "properties": {
                "virtualNetworkSubnetId": "[concat(parameters('virtualNetworks_SynergyCoreSystems_externalid'), '/subnets/AzureBastionSubnet')]",
                "ignoreMissingVnetServiceEndpoint": false
            }
        },
        {
            "type": "Microsoft.Storage/storageAccounts/blobServices",
            "apiVersion": "2019-04-01",
            "name": "[concat(parameters('storageAccounts_databaseresourcegroup615_name'), '/default')]",
            "dependsOn": [
                "[resourceId('Microsoft.Storage/storageAccounts', parameters('storageAccounts_databaseresourcegroup615_name'))]"
            ],
            "properties": {
                "cors": {
                    "corsRules": []
                },
                "deleteRetentionPolicy": {
                    "enabled": false
                }
            }
        },
        {
            "type": "Microsoft.Storage/storageAccounts/blobServices",
            "apiVersion": "2019-04-01",
            "name": "[concat(parameters('storageAccounts_sqlvad65cvnihf3gv2_name'), '/default')]",
            "dependsOn": [
                "[resourceId('Microsoft.Storage/storageAccounts', parameters('storageAccounts_sqlvad65cvnihf3gv2_name'))]"
            ],
            "properties": {
                "cors": {
                    "corsRules": []
                },
                "deleteRetentionPolicy": {
                    "enabled": false
                }
            }
        },
        {
            "type": "Microsoft.Storage/storageAccounts/blobServices",
            "apiVersion": "2019-04-01",
            "name": "[concat(parameters('storageAccounts_sqlvawzmldu7jp3cko_name'), '/default')]",
            "dependsOn": [
                "[resourceId('Microsoft.Storage/storageAccounts', parameters('storageAccounts_sqlvawzmldu7jp3cko_name'))]"
            ],
            "properties": {
                "cors": {
                    "corsRules": []
                },
                "deleteRetentionPolicy": {
                    "enabled": false
                }
            }
        },
        {
            "type": "Microsoft.Storage/storageAccounts/blobServices",
            "apiVersion": "2019-04-01",
            "name": "[concat(parameters('storageAccounts_synreplicationstorage_name'), '/default')]",
            "dependsOn": [
                "[resourceId('Microsoft.Storage/storageAccounts', parameters('storageAccounts_synreplicationstorage_name'))]"
            ],
            "properties": {
                "cors": {
                    "corsRules": []
                },
                "deleteRetentionPolicy": {
                    "enabled": false
                }
            }
        },
        {
            "type": "Microsoft.Sql/servers/auditingSettings",
            "apiVersion": "2017-03-01-preview",
            "name": "[concat(parameters('servers_coresystemsdbgeo_name'), '/Default')]",
            "dependsOn": [
                "[resourceId('Microsoft.Sql/servers', parameters('servers_coresystemsdbgeo_name'))]",
                "[resourceId('Microsoft.Storage/StorageAccounts', parameters('storageAccounts_synreplicationstorage_name'))]"
            ],
            "properties": {
                "state": "Enabled",
                "storageEndpoint": "[concat('https://', parameters('storageAccounts_synreplicationstorage_name'), '.blob.core.windows.net/')]",
                "retentionDays": 30,
                "auditActionsAndGroups": [
                    "SUCCESSFUL_DATABASE_AUTHENTICATION_GROUP",
                    "FAILED_DATABASE_AUTHENTICATION_GROUP",
                    "BATCH_COMPLETED_GROUP"
                ],
                "storageAccountSubscriptionId": "dd3dfec0-514d-4833-9456-f65c43d1d083",
                "isStorageSecondaryKeyInUse": false
            }
        },
        {
            "type": "Microsoft.Sql/servers/auditingSettings",
            "apiVersion": "2017-03-01-preview",
            "name": "[concat(parameters('servers_coresystemsdbserver_name'), '/Default')]",
            "dependsOn": [
                "[resourceId('Microsoft.Sql/servers', parameters('servers_coresystemsdbserver_name'))]",
                "[resourceId('Microsoft.Storage/StorageAccounts', parameters('storageAccounts_databaseresourcegroup615_name'))]"
            ],
            "properties": {
                "state": "Enabled",
                "storageEndpoint": "[concat('https://', parameters('storageAccounts_databaseresourcegroup615_name'), '.blob.core.windows.net/')]",
                "retentionDays": 0,
                "auditActionsAndGroups": [
                    "SUCCESSFUL_DATABASE_AUTHENTICATION_GROUP",
                    "FAILED_DATABASE_AUTHENTICATION_GROUP",
                    "BATCH_COMPLETED_GROUP"
                ],
                "storageAccountSubscriptionId": "dd3dfec0-514d-4833-9456-f65c43d1d083",
                "isStorageSecondaryKeyInUse": false
            }
        },
        {
            "type": "Microsoft.Sql/servers/databases/advisors",
            "apiVersion": "2014-04-01",
            "name": "[concat(parameters('servers_coresystemsdbgeo_name'), '/BluePrismDBLIVE/CreateIndex')]",
            "dependsOn": [
                "[resourceId('Microsoft.Sql/servers/databases', parameters('servers_coresystemsdbgeo_name'), 'BluePrismDBLIVE')]",
                "[resourceId('Microsoft.Sql/servers', parameters('servers_coresystemsdbgeo_name'))]"
            ],
            "properties": {
                "autoExecuteValue": "Enabled"
            }
        },
        {
            "type": "Microsoft.Sql/servers/databases/advisors",
            "apiVersion": "2014-04-01",
            "name": "[concat(parameters('servers_coresystemsdbserver_name'), '/BluePrismDBDEV/CreateIndex')]",
            "dependsOn": [
                "[resourceId('Microsoft.Sql/servers/databases', parameters('servers_coresystemsdbserver_name'), 'BluePrismDBDEV')]",
                "[resourceId('Microsoft.Sql/servers', parameters('servers_coresystemsdbserver_name'))]"
            ],
            "properties": {
                "autoExecuteValue": "Enabled"
            }
        },
        {
            "type": "Microsoft.Sql/servers/databases/advisors",
            "apiVersion": "2014-04-01",
            "name": "[concat(parameters('servers_coresystemsdbserver_name'), '/BluePrismDBLIVE/CreateIndex')]",
            "dependsOn": [
                "[resourceId('Microsoft.Sql/servers/databases', parameters('servers_coresystemsdbserver_name'), 'BluePrismDBLIVE')]",
                "[resourceId('Microsoft.Sql/servers', parameters('servers_coresystemsdbserver_name'))]"
            ],
            "properties": {
                "autoExecuteValue": "Enabled"
            }
        },
        {
            "type": "Microsoft.Sql/servers/databases/advisors",
            "apiVersion": "2014-04-01",
            "name": "[concat(parameters('servers_coresystemsdbserver_name'), '/BluePrismDBScript/CreateIndex')]",
            "dependsOn": [
                "[resourceId('Microsoft.Sql/servers/databases', parameters('servers_coresystemsdbserver_name'), 'BluePrismDBScript')]",
                "[resourceId('Microsoft.Sql/servers', parameters('servers_coresystemsdbserver_name'))]"
            ],
            "properties": {
                "autoExecuteValue": "Enabled"
            }
        },
        {
            "type": "Microsoft.Sql/servers/databases/advisors",
            "apiVersion": "2014-04-01",
            "name": "[concat(parameters('servers_coresystemsdbgeo_name'), '/BluePrismDBLIVE/DbParameterization')]",
            "dependsOn": [
                "[resourceId('Microsoft.Sql/servers/databases', parameters('servers_coresystemsdbgeo_name'), 'BluePrismDBLIVE')]",
                "[resourceId('Microsoft.Sql/servers', parameters('servers_coresystemsdbgeo_name'))]"
            ],
            "properties": {
                "autoExecuteValue": "Disabled"
            }
        },
        {
            "type": "Microsoft.Sql/servers/databases/advisors",
            "apiVersion": "2014-04-01",
            "name": "[concat(parameters('servers_coresystemsdbserver_name'), '/BluePrismDBDEV/DbParameterization')]",
            "dependsOn": [
                "[resourceId('Microsoft.Sql/servers/databases', parameters('servers_coresystemsdbserver_name'), 'BluePrismDBDEV')]",
                "[resourceId('Microsoft.Sql/servers', parameters('servers_coresystemsdbserver_name'))]"
            ],
            "properties": {
                "autoExecuteValue": "Disabled"
            }
        },
        {
            "type": "Microsoft.Sql/servers/databases/advisors",
            "apiVersion": "2014-04-01",
            "name": "[concat(parameters('servers_coresystemsdbserver_name'), '/BluePrismDBLIVE/DbParameterization')]",
            "dependsOn": [
                "[resourceId('Microsoft.Sql/servers/databases', parameters('servers_coresystemsdbserver_name'), 'BluePrismDBLIVE')]",
                "[resourceId('Microsoft.Sql/servers', parameters('servers_coresystemsdbserver_name'))]"
            ],
            "properties": {
                "autoExecuteValue": "Disabled"
            }
        },
        {
            "type": "Microsoft.Sql/servers/databases/advisors",
            "apiVersion": "2014-04-01",
            "name": "[concat(parameters('servers_coresystemsdbserver_name'), '/BluePrismDBScript/DbParameterization')]",
            "dependsOn": [
                "[resourceId('Microsoft.Sql/servers/databases', parameters('servers_coresystemsdbserver_name'), 'BluePrismDBScript')]",
                "[resourceId('Microsoft.Sql/servers', parameters('servers_coresystemsdbserver_name'))]"
            ],
            "properties": {
                "autoExecuteValue": "Disabled"
            }
        },
        {
            "type": "Microsoft.Sql/servers/databases/advisors",
            "apiVersion": "2014-04-01",
            "name": "[concat(parameters('servers_coresystemsdbgeo_name'), '/BluePrismDBLIVE/DefragmentIndex')]",
            "dependsOn": [
                "[resourceId('Microsoft.Sql/servers/databases', parameters('servers_coresystemsdbgeo_name'), 'BluePrismDBLIVE')]",
                "[resourceId('Microsoft.Sql/servers', parameters('servers_coresystemsdbgeo_name'))]"
            ],
            "properties": {
                "autoExecuteValue": "Disabled"
            }
        },
        {
            "type": "Microsoft.Sql/servers/databases/advisors",
            "apiVersion": "2014-04-01",
            "name": "[concat(parameters('servers_coresystemsdbserver_name'), '/BluePrismDBDEV/DefragmentIndex')]",
            "dependsOn": [
                "[resourceId('Microsoft.Sql/servers/databases', parameters('servers_coresystemsdbserver_name'), 'BluePrismDBDEV')]",
                "[resourceId('Microsoft.Sql/servers', parameters('servers_coresystemsdbserver_name'))]"
            ],
            "properties": {
                "autoExecuteValue": "Disabled"
            }
        },
        {
            "type": "Microsoft.Sql/servers/databases/advisors",
            "apiVersion": "2014-04-01",
            "name": "[concat(parameters('servers_coresystemsdbserver_name'), '/BluePrismDBLIVE/DefragmentIndex')]",
            "dependsOn": [
                "[resourceId('Microsoft.Sql/servers/databases', parameters('servers_coresystemsdbserver_name'), 'BluePrismDBLIVE')]",
                "[resourceId('Microsoft.Sql/servers', parameters('servers_coresystemsdbserver_name'))]"
            ],
            "properties": {
                "autoExecuteValue": "Disabled"
            }
        },
        {
            "type": "Microsoft.Sql/servers/databases/advisors",
            "apiVersion": "2014-04-01",
            "name": "[concat(parameters('servers_coresystemsdbserver_name'), '/BluePrismDBScript/DefragmentIndex')]",
            "dependsOn": [
                "[resourceId('Microsoft.Sql/servers/databases', parameters('servers_coresystemsdbserver_name'), 'BluePrismDBScript')]",
                "[resourceId('Microsoft.Sql/servers', parameters('servers_coresystemsdbserver_name'))]"
            ],
            "properties": {
                "autoExecuteValue": "Disabled"
            }
        },
        {
            "type": "Microsoft.Sql/servers/databases/advisors",
            "apiVersion": "2014-04-01",
            "name": "[concat(parameters('servers_coresystemsdbgeo_name'), '/BluePrismDBLIVE/DropIndex')]",
            "dependsOn": [
                "[resourceId('Microsoft.Sql/servers/databases', parameters('servers_coresystemsdbgeo_name'), 'BluePrismDBLIVE')]",
                "[resourceId('Microsoft.Sql/servers', parameters('servers_coresystemsdbgeo_name'))]"
            ],
            "properties": {
                "autoExecuteValue": "Disabled"
            }
        },
        {
            "type": "Microsoft.Sql/servers/databases/advisors",
            "apiVersion": "2014-04-01",
            "name": "[concat(parameters('servers_coresystemsdbserver_name'), '/BluePrismDBDEV/DropIndex')]",
            "dependsOn": [
                "[resourceId('Microsoft.Sql/servers/databases', parameters('servers_coresystemsdbserver_name'), 'BluePrismDBDEV')]",
                "[resourceId('Microsoft.Sql/servers', parameters('servers_coresystemsdbserver_name'))]"
            ],
            "properties": {
                "autoExecuteValue": "Disabled"
            }
        },
        {
            "type": "Microsoft.Sql/servers/databases/advisors",
            "apiVersion": "2014-04-01",
            "name": "[concat(parameters('servers_coresystemsdbserver_name'), '/BluePrismDBLIVE/DropIndex')]",
            "dependsOn": [
                "[resourceId('Microsoft.Sql/servers/databases', parameters('servers_coresystemsdbserver_name'), 'BluePrismDBLIVE')]",
                "[resourceId('Microsoft.Sql/servers', parameters('servers_coresystemsdbserver_name'))]"
            ],
            "properties": {
                "autoExecuteValue": "Disabled"
            }
        },
        {
            "type": "Microsoft.Sql/servers/databases/advisors",
            "apiVersion": "2014-04-01",
            "name": "[concat(parameters('servers_coresystemsdbserver_name'), '/BluePrismDBScript/DropIndex')]",
            "dependsOn": [
                "[resourceId('Microsoft.Sql/servers/databases', parameters('servers_coresystemsdbserver_name'), 'BluePrismDBScript')]",
                "[resourceId('Microsoft.Sql/servers', parameters('servers_coresystemsdbserver_name'))]"
            ],
            "properties": {
                "autoExecuteValue": "Disabled"
            }
        },
        {
            "type": "Microsoft.Sql/servers/databases/advisors",
            "apiVersion": "2014-04-01",
            "name": "[concat(parameters('servers_coresystemsdbgeo_name'), '/BluePrismDBLIVE/ForceLastGoodPlan')]",
            "dependsOn": [
                "[resourceId('Microsoft.Sql/servers/databases', parameters('servers_coresystemsdbgeo_name'), 'BluePrismDBLIVE')]",
                "[resourceId('Microsoft.Sql/servers', parameters('servers_coresystemsdbgeo_name'))]"
            ],
            "properties": {
                "autoExecuteValue": "Disabled"
            }
        },
        {
            "type": "Microsoft.Sql/servers/databases/advisors",
            "apiVersion": "2014-04-01",
            "name": "[concat(parameters('servers_coresystemsdbserver_name'), '/BluePrismDBDEV/ForceLastGoodPlan')]",
            "dependsOn": [
                "[resourceId('Microsoft.Sql/servers/databases', parameters('servers_coresystemsdbserver_name'), 'BluePrismDBDEV')]",
                "[resourceId('Microsoft.Sql/servers', parameters('servers_coresystemsdbserver_name'))]"
            ],
            "properties": {
                "autoExecuteValue": "Enabled"
            }
        },
        {
            "type": "Microsoft.Sql/servers/databases/advisors",
            "apiVersion": "2014-04-01",
            "name": "[concat(parameters('servers_coresystemsdbserver_name'), '/BluePrismDBLIVE/ForceLastGoodPlan')]",
            "dependsOn": [
                "[resourceId('Microsoft.Sql/servers/databases', parameters('servers_coresystemsdbserver_name'), 'BluePrismDBLIVE')]",
                "[resourceId('Microsoft.Sql/servers', parameters('servers_coresystemsdbserver_name'))]"
            ],
            "properties": {
                "autoExecuteValue": "Enabled"
            }
        },
        {
            "type": "Microsoft.Sql/servers/databases/advisors",
            "apiVersion": "2014-04-01",
            "name": "[concat(parameters('servers_coresystemsdbserver_name'), '/BluePrismDBScript/ForceLastGoodPlan')]",
            "dependsOn": [
                "[resourceId('Microsoft.Sql/servers/databases', parameters('servers_coresystemsdbserver_name'), 'BluePrismDBScript')]",
                "[resourceId('Microsoft.Sql/servers', parameters('servers_coresystemsdbserver_name'))]"
            ],
            "properties": {
                "autoExecuteValue": "Enabled"
            }
        },
        {
            "type": "Microsoft.Sql/servers/databases/auditingPolicies",
            "apiVersion": "2014-04-01",
            "name": "[concat(parameters('servers_coresystemsdbgeo_name'), '/BluePrismDBLIVE/Default')]",
            "location": "Australia Southeast",
            "dependsOn": [
                "[resourceId('Microsoft.Sql/servers/databases', parameters('servers_coresystemsdbgeo_name'), 'BluePrismDBLIVE')]",
                "[resourceId('Microsoft.Sql/servers', parameters('servers_coresystemsdbgeo_name'))]"
            ],
            "properties": {
                "auditingState": "Disabled"
            }
        },
        {
            "type": "Microsoft.Sql/servers/databases/auditingPolicies",
            "apiVersion": "2014-04-01",
            "name": "[concat(parameters('servers_coresystemsdbserver_name'), '/BluePrismDBDEV/Default')]",
            "location": "Australia East",
            "dependsOn": [
                "[resourceId('Microsoft.Sql/servers/databases', parameters('servers_coresystemsdbserver_name'), 'BluePrismDBDEV')]",
                "[resourceId('Microsoft.Sql/servers', parameters('servers_coresystemsdbserver_name'))]"
            ],
            "properties": {
                "auditingState": "Disabled"
            }
        },
        {
            "type": "Microsoft.Sql/servers/databases/auditingPolicies",
            "apiVersion": "2014-04-01",
            "name": "[concat(parameters('servers_coresystemsdbserver_name'), '/BluePrismDBLIVE/Default')]",
            "location": "Australia East",
            "dependsOn": [
                "[resourceId('Microsoft.Sql/servers/databases', parameters('servers_coresystemsdbserver_name'), 'BluePrismDBLIVE')]",
                "[resourceId('Microsoft.Sql/servers', parameters('servers_coresystemsdbserver_name'))]"
            ],
            "properties": {
                "auditingState": "Disabled"
            }
        },
        {
            "type": "Microsoft.Sql/servers/databases/auditingPolicies",
            "apiVersion": "2014-04-01",
            "name": "[concat(parameters('servers_coresystemsdbserver_name'), '/BluePrismDBScript/Default')]",
            "location": "Australia East",
            "dependsOn": [
                "[resourceId('Microsoft.Sql/servers/databases', parameters('servers_coresystemsdbserver_name'), 'BluePrismDBScript')]",
                "[resourceId('Microsoft.Sql/servers', parameters('servers_coresystemsdbserver_name'))]"
            ],
            "properties": {
                "auditingState": "Disabled"
            }
        },
        {
            "type": "Microsoft.Sql/servers/databases/auditingSettings",
            "apiVersion": "2017-03-01-preview",
            "name": "[concat(parameters('servers_coresystemsdbgeo_name'), '/BluePrismDBLIVE/Default')]",
            "dependsOn": [
                "[resourceId('Microsoft.Sql/servers/databases', parameters('servers_coresystemsdbgeo_name'), 'BluePrismDBLIVE')]",
                "[resourceId('Microsoft.Sql/servers', parameters('servers_coresystemsdbgeo_name'))]"
            ],
            "properties": {
                "state": "Disabled",
                "retentionDays": 0,
                "auditActionsAndGroups": [],
                "storageAccountSubscriptionId": "00000000-0000-0000-0000-000000000000",
                "isStorageSecondaryKeyInUse": false
            }
        },
        {
            "type": "Microsoft.Sql/servers/databases/auditingSettings",
            "apiVersion": "2017-03-01-preview",
            "name": "[concat(parameters('servers_coresystemsdbserver_name'), '/BluePrismDBDEV/Default')]",
            "dependsOn": [
                "[resourceId('Microsoft.Sql/servers/databases', parameters('servers_coresystemsdbserver_name'), 'BluePrismDBDEV')]",
                "[resourceId('Microsoft.Sql/servers', parameters('servers_coresystemsdbserver_name'))]"
            ],
            "properties": {
                "state": "Disabled",
                "retentionDays": 0,
                "auditActionsAndGroups": [],
                "storageAccountSubscriptionId": "00000000-0000-0000-0000-000000000000",
                "isStorageSecondaryKeyInUse": false
            }
        },
        {
            "type": "Microsoft.Sql/servers/databases/auditingSettings",
            "apiVersion": "2017-03-01-preview",
            "name": "[concat(parameters('servers_coresystemsdbserver_name'), '/BluePrismDBLIVE/Default')]",
            "dependsOn": [
                "[resourceId('Microsoft.Sql/servers/databases', parameters('servers_coresystemsdbserver_name'), 'BluePrismDBLIVE')]",
                "[resourceId('Microsoft.Sql/servers', parameters('servers_coresystemsdbserver_name'))]"
            ],
            "properties": {
                "state": "Disabled",
                "retentionDays": 0,
                "auditActionsAndGroups": [],
                "storageAccountSubscriptionId": "00000000-0000-0000-0000-000000000000",
                "isStorageSecondaryKeyInUse": false
            }
        },
        {
            "type": "Microsoft.Sql/servers/databases/auditingSettings",
            "apiVersion": "2017-03-01-preview",
            "name": "[concat(parameters('servers_coresystemsdbserver_name'), '/BluePrismDBScript/Default')]",
            "dependsOn": [
                "[resourceId('Microsoft.Sql/servers/databases', parameters('servers_coresystemsdbserver_name'), 'BluePrismDBScript')]",
                "[resourceId('Microsoft.Sql/servers', parameters('servers_coresystemsdbserver_name'))]"
            ],
            "properties": {
                "state": "Disabled",
                "retentionDays": 0,
                "auditActionsAndGroups": [],
                "storageAccountSubscriptionId": "00000000-0000-0000-0000-000000000000",
                "isStorageSecondaryKeyInUse": false
            }
        },
        {
            "type": "Microsoft.Sql/servers/databases/extendedAuditingSettings",
            "apiVersion": "2017-03-01-preview",
            "name": "[concat(parameters('servers_coresystemsdbgeo_name'), '/BluePrismDBLIVE/Default')]",
            "dependsOn": [
                "[resourceId('Microsoft.Sql/servers/databases', parameters('servers_coresystemsdbgeo_name'), 'BluePrismDBLIVE')]",
                "[resourceId('Microsoft.Sql/servers', parameters('servers_coresystemsdbgeo_name'))]"
            ],
            "properties": {
                "state": "Disabled",
                "retentionDays": 0,
                "auditActionsAndGroups": [],
                "storageAccountSubscriptionId": "00000000-0000-0000-0000-000000000000",
                "isStorageSecondaryKeyInUse": false
            }
        },
        {
            "type": "Microsoft.Sql/servers/databases/extendedAuditingSettings",
            "apiVersion": "2017-03-01-preview",
            "name": "[concat(parameters('servers_coresystemsdbserver_name'), '/BluePrismDBDEV/Default')]",
            "dependsOn": [
                "[resourceId('Microsoft.Sql/servers/databases', parameters('servers_coresystemsdbserver_name'), 'BluePrismDBDEV')]",
                "[resourceId('Microsoft.Sql/servers', parameters('servers_coresystemsdbserver_name'))]"
            ],
            "properties": {
                "state": "Disabled",
                "retentionDays": 0,
                "auditActionsAndGroups": [],
                "storageAccountSubscriptionId": "00000000-0000-0000-0000-000000000000",
                "isStorageSecondaryKeyInUse": false
            }
        },
        {
            "type": "Microsoft.Sql/servers/databases/extendedAuditingSettings",
            "apiVersion": "2017-03-01-preview",
            "name": "[concat(parameters('servers_coresystemsdbserver_name'), '/BluePrismDBLIVE/Default')]",
            "dependsOn": [
                "[resourceId('Microsoft.Sql/servers/databases', parameters('servers_coresystemsdbserver_name'), 'BluePrismDBLIVE')]",
                "[resourceId('Microsoft.Sql/servers', parameters('servers_coresystemsdbserver_name'))]"
            ],
            "properties": {
                "state": "Disabled",
                "retentionDays": 0,
                "auditActionsAndGroups": [],
                "storageAccountSubscriptionId": "00000000-0000-0000-0000-000000000000",
                "isStorageSecondaryKeyInUse": false
            }
        },
        {
            "type": "Microsoft.Sql/servers/databases/extendedAuditingSettings",
            "apiVersion": "2017-03-01-preview",
            "name": "[concat(parameters('servers_coresystemsdbserver_name'), '/BluePrismDBScript/Default')]",
            "dependsOn": [
                "[resourceId('Microsoft.Sql/servers/databases', parameters('servers_coresystemsdbserver_name'), 'BluePrismDBScript')]",
                "[resourceId('Microsoft.Sql/servers', parameters('servers_coresystemsdbserver_name'))]"
            ],
            "properties": {
                "state": "Disabled",
                "retentionDays": 0,
                "auditActionsAndGroups": [],
                "storageAccountSubscriptionId": "00000000-0000-0000-0000-000000000000",
                "isStorageSecondaryKeyInUse": false
            }
        },
        {
            "type": "Microsoft.Sql/servers/databases/geoBackupPolicies",
            "apiVersion": "2014-04-01",
            "name": "[concat(parameters('servers_coresystemsdbgeo_name'), '/BluePrismDBLIVE/Default')]",
            "location": "Australia Southeast",
            "dependsOn": [
                "[resourceId('Microsoft.Sql/servers/databases', parameters('servers_coresystemsdbgeo_name'), 'BluePrismDBLIVE')]",
                "[resourceId('Microsoft.Sql/servers', parameters('servers_coresystemsdbgeo_name'))]"
            ],
            "properties": {
                "state": "Enabled"
            }
        },
        {
            "type": "Microsoft.Sql/servers/databases/geoBackupPolicies",
            "apiVersion": "2014-04-01",
            "name": "[concat(parameters('servers_coresystemsdbserver_name'), '/BluePrismDBDEV/Default')]",
            "location": "Australia East",
            "dependsOn": [
                "[resourceId('Microsoft.Sql/servers/databases', parameters('servers_coresystemsdbserver_name'), 'BluePrismDBDEV')]",
                "[resourceId('Microsoft.Sql/servers', parameters('servers_coresystemsdbserver_name'))]"
            ],
            "properties": {
                "state": "Enabled"
            }
        },
        {
            "type": "Microsoft.Sql/servers/databases/geoBackupPolicies",
            "apiVersion": "2014-04-01",
            "name": "[concat(parameters('servers_coresystemsdbserver_name'), '/BluePrismDBLIVE/Default')]",
            "location": "Australia East",
            "dependsOn": [
                "[resourceId('Microsoft.Sql/servers/databases', parameters('servers_coresystemsdbserver_name'), 'BluePrismDBLIVE')]",
                "[resourceId('Microsoft.Sql/servers', parameters('servers_coresystemsdbserver_name'))]"
            ],
            "properties": {
                "state": "Enabled"
            }
        },
        {
            "type": "Microsoft.Sql/servers/databases/geoBackupPolicies",
            "apiVersion": "2014-04-01",
            "name": "[concat(parameters('servers_coresystemsdbserver_name'), '/BluePrismDBScript/Default')]",
            "location": "Australia East",
            "dependsOn": [
                "[resourceId('Microsoft.Sql/servers/databases', parameters('servers_coresystemsdbserver_name'), 'BluePrismDBScript')]",
                "[resourceId('Microsoft.Sql/servers', parameters('servers_coresystemsdbserver_name'))]"
            ],
            "properties": {
                "state": "Enabled"
            }
        },
        {
            "type": "Microsoft.Sql/servers/databases/securityAlertPolicies",
            "apiVersion": "2018-06-01-preview",
            "name": "[concat(parameters('servers_coresystemsdbgeo_name'), '/BluePrismDBLIVE/Default')]",
            "dependsOn": [
                "[resourceId('Microsoft.Sql/servers/databases', parameters('servers_coresystemsdbgeo_name'), 'BluePrismDBLIVE')]",
                "[resourceId('Microsoft.Sql/servers', parameters('servers_coresystemsdbgeo_name'))]"
            ],
            "properties": {
                "state": "Disabled",
                "disabledAlerts": [
                    ""
                ],
                "emailAddresses": [
                    ""
                ],
                "emailAccountAdmins": false,
                "retentionDays": 0
            }
        },
        {
            "type": "Microsoft.Sql/servers/databases/securityAlertPolicies",
            "apiVersion": "2018-06-01-preview",
            "name": "[concat(parameters('servers_coresystemsdbserver_name'), '/BluePrismDBDEV/Default')]",
            "dependsOn": [
                "[resourceId('Microsoft.Sql/servers/databases', parameters('servers_coresystemsdbserver_name'), 'BluePrismDBDEV')]",
                "[resourceId('Microsoft.Sql/servers', parameters('servers_coresystemsdbserver_name'))]"
            ],
            "properties": {
                "state": "Disabled",
                "disabledAlerts": [
                    ""
                ],
                "emailAddresses": [
                    ""
                ],
                "emailAccountAdmins": false,
                "retentionDays": 0
            }
        },
        {
            "type": "Microsoft.Sql/servers/databases/securityAlertPolicies",
            "apiVersion": "2018-06-01-preview",
            "name": "[concat(parameters('servers_coresystemsdbserver_name'), '/BluePrismDBLIVE/Default')]",
            "dependsOn": [
                "[resourceId('Microsoft.Sql/servers/databases', parameters('servers_coresystemsdbserver_name'), 'BluePrismDBLIVE')]",
                "[resourceId('Microsoft.Sql/servers', parameters('servers_coresystemsdbserver_name'))]"
            ],
            "properties": {
                "state": "Disabled",
                "disabledAlerts": [
                    ""
                ],
                "emailAddresses": [
                    ""
                ],
                "emailAccountAdmins": false,
                "retentionDays": 0
            }
        },
        {
            "type": "Microsoft.Sql/servers/databases/securityAlertPolicies",
            "apiVersion": "2018-06-01-preview",
            "name": "[concat(parameters('servers_coresystemsdbserver_name'), '/BluePrismDBScript/Default')]",
            "dependsOn": [
                "[resourceId('Microsoft.Sql/servers/databases', parameters('servers_coresystemsdbserver_name'), 'BluePrismDBScript')]",
                "[resourceId('Microsoft.Sql/servers', parameters('servers_coresystemsdbserver_name'))]"
            ],
            "properties": {
                "state": "Disabled",
                "disabledAlerts": [
                    ""
                ],
                "emailAddresses": [
                    ""
                ],
                "emailAccountAdmins": false,
                "retentionDays": 0
            }
        },
        {
            "type": "Microsoft.Sql/servers/databases/transparentDataEncryption",
            "apiVersion": "2014-04-01",
            "name": "[concat(parameters('servers_coresystemsdbgeo_name'), '/BluePrismDBLIVE/current')]",
            "location": "Australia Southeast",
            "dependsOn": [
                "[resourceId('Microsoft.Sql/servers/databases', parameters('servers_coresystemsdbgeo_name'), 'BluePrismDBLIVE')]",
                "[resourceId('Microsoft.Sql/servers', parameters('servers_coresystemsdbgeo_name'))]"
            ],
            "properties": {
                "status": "Enabled"
            }
        },
        {
            "type": "Microsoft.Sql/servers/databases/transparentDataEncryption",
            "apiVersion": "2014-04-01",
            "name": "[concat(parameters('servers_coresystemsdbserver_name'), '/BluePrismDBDEV/current')]",
            "location": "Australia East",
            "dependsOn": [
                "[resourceId('Microsoft.Sql/servers/databases', parameters('servers_coresystemsdbserver_name'), 'BluePrismDBDEV')]",
                "[resourceId('Microsoft.Sql/servers', parameters('servers_coresystemsdbserver_name'))]"
            ],
            "properties": {
                "status": "Enabled"
            }
        },
        {
            "type": "Microsoft.Sql/servers/databases/transparentDataEncryption",
            "apiVersion": "2014-04-01",
            "name": "[concat(parameters('servers_coresystemsdbserver_name'), '/BluePrismDBLIVE/current')]",
            "location": "Australia East",
            "dependsOn": [
                "[resourceId('Microsoft.Sql/servers/databases', parameters('servers_coresystemsdbserver_name'), 'BluePrismDBLIVE')]",
                "[resourceId('Microsoft.Sql/servers', parameters('servers_coresystemsdbserver_name'))]"
            ],
            "properties": {
                "status": "Enabled"
            }
        },
        {
            "type": "Microsoft.Sql/servers/databases/transparentDataEncryption",
            "apiVersion": "2014-04-01",
            "name": "[concat(parameters('servers_coresystemsdbserver_name'), '/BluePrismDBScript/current')]",
            "location": "Australia East",
            "dependsOn": [
                "[resourceId('Microsoft.Sql/servers/databases', parameters('servers_coresystemsdbserver_name'), 'BluePrismDBScript')]",
                "[resourceId('Microsoft.Sql/servers', parameters('servers_coresystemsdbserver_name'))]"
            ],
            "properties": {
                "status": "Enabled"
            }
        },
        {
            "type": "Microsoft.Sql/servers/databases/vulnerabilityAssessments",
            "apiVersion": "2017-03-01-preview",
            "name": "[concat(parameters('servers_coresystemsdbgeo_name'), '/BluePrismDBLIVE/Default')]",
            "dependsOn": [
                "[resourceId('Microsoft.Sql/servers/databases', parameters('servers_coresystemsdbgeo_name'), 'BluePrismDBLIVE')]",
                "[resourceId('Microsoft.Sql/servers', parameters('servers_coresystemsdbgeo_name'))]"
            ],
            "properties": {
                "recurringScans": {
                    "isEnabled": false,
                    "emailSubscriptionAdmins": true,
                    "emails": []
                }
            }
        },
        {
            "type": "Microsoft.Sql/servers/databases/vulnerabilityAssessments",
            "apiVersion": "2017-03-01-preview",
            "name": "[concat(parameters('servers_coresystemsdbserver_name'), '/BluePrismDBDEV/Default')]",
            "dependsOn": [
                "[resourceId('Microsoft.Sql/servers/databases', parameters('servers_coresystemsdbserver_name'), 'BluePrismDBDEV')]",
                "[resourceId('Microsoft.Sql/servers', parameters('servers_coresystemsdbserver_name'))]"
            ],
            "properties": {
                "recurringScans": {
                    "isEnabled": false,
                    "emailSubscriptionAdmins": true,
                    "emails": []
                }
            }
        },
        {
            "type": "Microsoft.Sql/servers/databases/vulnerabilityAssessments",
            "apiVersion": "2017-03-01-preview",
            "name": "[concat(parameters('servers_coresystemsdbserver_name'), '/BluePrismDBLIVE/Default')]",
            "dependsOn": [
                "[resourceId('Microsoft.Sql/servers/databases', parameters('servers_coresystemsdbserver_name'), 'BluePrismDBLIVE')]",
                "[resourceId('Microsoft.Sql/servers', parameters('servers_coresystemsdbserver_name'))]"
            ],
            "properties": {
                "recurringScans": {
                    "isEnabled": false,
                    "emailSubscriptionAdmins": true,
                    "emails": []
                }
            }
        },
        {
            "type": "Microsoft.Sql/servers/databases/vulnerabilityAssessments",
            "apiVersion": "2017-03-01-preview",
            "name": "[concat(parameters('servers_coresystemsdbserver_name'), '/BluePrismDBScript/Default')]",
            "dependsOn": [
                "[resourceId('Microsoft.Sql/servers/databases', parameters('servers_coresystemsdbserver_name'), 'BluePrismDBScript')]",
                "[resourceId('Microsoft.Sql/servers', parameters('servers_coresystemsdbserver_name'))]"
            ],
            "properties": {
                "recurringScans": {
                    "isEnabled": false,
                    "emailSubscriptionAdmins": true,
                    "emails": []
                }
            }
        },
        {
            "type": "Microsoft.Sql/servers/extendedAuditingSettings",
            "apiVersion": "2017-03-01-preview",
            "name": "[concat(parameters('servers_coresystemsdbgeo_name'), '/Default')]",
            "dependsOn": [
                "[resourceId('Microsoft.Sql/servers', parameters('servers_coresystemsdbgeo_name'))]",
                "[resourceId('Microsoft.Storage/StorageAccounts', parameters('storageAccounts_synreplicationstorage_name'))]"
            ],
            "properties": {
                "state": "Enabled",
                "storageEndpoint": "[concat('https://', parameters('storageAccounts_synreplicationstorage_name'), '.blob.core.windows.net/')]",
                "retentionDays": 30,
                "auditActionsAndGroups": [
                    "SUCCESSFUL_DATABASE_AUTHENTICATION_GROUP",
                    "FAILED_DATABASE_AUTHENTICATION_GROUP",
                    "BATCH_COMPLETED_GROUP"
                ],
                "storageAccountSubscriptionId": "dd3dfec0-514d-4833-9456-f65c43d1d083",
                "isStorageSecondaryKeyInUse": false
            }
        },
        {
            "type": "Microsoft.Sql/servers/extendedAuditingSettings",
            "apiVersion": "2017-03-01-preview",
            "name": "[concat(parameters('servers_coresystemsdbserver_name'), '/Default')]",
            "dependsOn": [
                "[resourceId('Microsoft.Sql/servers', parameters('servers_coresystemsdbserver_name'))]",
                "[resourceId('Microsoft.Storage/StorageAccounts', parameters('storageAccounts_databaseresourcegroup615_name'))]"
            ],
            "properties": {
                "state": "Enabled",
                "storageEndpoint": "[concat('https://', parameters('storageAccounts_databaseresourcegroup615_name'), '.blob.core.windows.net/')]",
                "retentionDays": 0,
                "auditActionsAndGroups": [
                    "SUCCESSFUL_DATABASE_AUTHENTICATION_GROUP",
                    "FAILED_DATABASE_AUTHENTICATION_GROUP",
                    "BATCH_COMPLETED_GROUP"
                ],
                "storageAccountSubscriptionId": "dd3dfec0-514d-4833-9456-f65c43d1d083",
                "isStorageSecondaryKeyInUse": false
            }
        },
        {
            "type": "Microsoft.Sql/servers/vulnerabilityAssessments",
            "apiVersion": "2018-06-01-preview",
            "name": "[concat(parameters('servers_coresystemsdbgeo_name'), '/Default')]",
            "dependsOn": [
                "[resourceId('Microsoft.Sql/servers', parameters('servers_coresystemsdbgeo_name'))]",
                "[resourceId('Microsoft.Storage/StorageAccounts', parameters('storageAccounts_sqlvad65cvnihf3gv2_name'))]"
            ],
            "properties": {
                "storageContainerPath": "[concat('https://', parameters('storageAccounts_sqlvad65cvnihf3gv2_name'), '.blob.core.windows.net/vulnerability-assessment/')]",
                "recurringScans": {
                    "isEnabled": true,
                    "emailSubscriptionAdmins": true,
                    "emails": []
                }
            }
        },
        {
            "type": "Microsoft.Sql/servers/vulnerabilityAssessments",
            "apiVersion": "2018-06-01-preview",
            "name": "[concat(parameters('servers_coresystemsdbserver_name'), '/Default')]",
            "dependsOn": [
                "[resourceId('Microsoft.Sql/servers', parameters('servers_coresystemsdbserver_name'))]",
                "[resourceId('Microsoft.Storage/StorageAccounts', parameters('storageAccounts_sqlvawzmldu7jp3cko_name'))]"
            ],
            "properties": {
                "storageContainerPath": "[concat('https://', parameters('storageAccounts_sqlvawzmldu7jp3cko_name'), '.blob.core.windows.net/vulnerability-assessment/')]",
                "recurringScans": {
                    "isEnabled": true,
                    "emailSubscriptionAdmins": true,
                    "emails": []
                }
            }
        },
        {
            "type": "Microsoft.Storage/storageAccounts/blobServices/containers",
            "apiVersion": "2019-04-01",
            "name": "[concat(parameters('storageAccounts_databaseresourcegroup615_name'), '/default/bootdiagnostics-databasev-7fcc8147-9778-4f85-989e-f47ff7546aa0')]",
            "dependsOn": [
                "[resourceId('Microsoft.Storage/storageAccounts/blobServices', parameters('storageAccounts_databaseresourcegroup615_name'), 'default')]",
                "[resourceId('Microsoft.Storage/storageAccounts', parameters('storageAccounts_databaseresourcegroup615_name'))]"
            ],
            "properties": {
                "publicAccess": "None"
            }
        },
        {
            "type": "Microsoft.Storage/storageAccounts/blobServices/containers",
            "apiVersion": "2019-04-01",
            "name": "[concat(parameters('storageAccounts_databaseresourcegroup615_name'), '/default/sqldbauditlogs')]",
            "dependsOn": [
                "[resourceId('Microsoft.Storage/storageAccounts/blobServices', parameters('storageAccounts_databaseresourcegroup615_name'), 'default')]",
                "[resourceId('Microsoft.Storage/storageAccounts', parameters('storageAccounts_databaseresourcegroup615_name'))]"
            ],
            "properties": {
                "publicAccess": "None"
            }
        },
        {
            "type": "Microsoft.Storage/storageAccounts/blobServices/containers",
            "apiVersion": "2019-04-01",
            "name": "[concat(parameters('storageAccounts_synreplicationstorage_name'), '/default/sqldbauditlogs')]",
            "dependsOn": [
                "[resourceId('Microsoft.Storage/storageAccounts/blobServices', parameters('storageAccounts_synreplicationstorage_name'), 'default')]",
                "[resourceId('Microsoft.Storage/storageAccounts', parameters('storageAccounts_synreplicationstorage_name'))]"
            ],
            "properties": {
                "publicAccess": "None"
            }
        },
        {
            "type": "Microsoft.Storage/storageAccounts/blobServices/containers",
            "apiVersion": "2019-04-01",
            "name": "[concat(parameters('storageAccounts_sqlvad65cvnihf3gv2_name'), '/default/vulnerability-assessment')]",
            "dependsOn": [
                "[resourceId('Microsoft.Storage/storageAccounts/blobServices', parameters('storageAccounts_sqlvad65cvnihf3gv2_name'), 'default')]",
                "[resourceId('Microsoft.Storage/storageAccounts', parameters('storageAccounts_sqlvad65cvnihf3gv2_name'))]"
            ],
            "properties": {
                "publicAccess": "None"
            }
        },
        {
            "type": "Microsoft.Storage/storageAccounts/blobServices/containers",
            "apiVersion": "2019-04-01",
            "name": "[concat(parameters('storageAccounts_sqlvawzmldu7jp3cko_name'), '/default/vulnerability-assessment')]",
            "dependsOn": [
                "[resourceId('Microsoft.Storage/storageAccounts/blobServices', parameters('storageAccounts_sqlvawzmldu7jp3cko_name'), 'default')]",
                "[resourceId('Microsoft.Storage/storageAccounts', parameters('storageAccounts_sqlvawzmldu7jp3cko_name'))]"
            ],
            "properties": {
                "publicAccess": "None"
            }
        }
    ]
}