{
    "$schema": "https://schema.management.azure.com/schemas/2015-01-01/deploymentParameters.json#",
    "contentVersion": "1.0.0.0",
    "parameters": {
        "snapshots_Client_VM_Image_name": {
            "value": null
        },
        "snapshots_AppServer_VM_Image_name": {
            "value": null
        },
        "disks_AppServer_VM_01_OsDisk_1_5c0b813369ef4d2994a71a3def2410c9_externalid": {
            "value": null
        },
        "disks_Client_VM_01_OsDisk_1_139c58ef3a864b719ec24f2d7c4c9dd5_externalid": {
            "value": null
        }
    }
}