{
    "$schema": "https://schema.management.azure.com/schemas/2015-01-01/deploymentTemplate.json#",
    "contentVersion": "1.0.0.0",
    "parameters": {
        "snapshots_Client_VM_Image_name": {
            "defaultValue": "Client-VM-Image",
            "type": "String"
        },
        "snapshots_AppServer_VM_Image_name": {
            "defaultValue": "AppServer-VM-Image",
            "type": "String"
        },
        "disks_AppServer_VM_01_OsDisk_1_5c0b813369ef4d2994a71a3def2410c9_externalid": {
            "defaultValue": "/subscriptions/dd3dfec0-514d-4833-9456-f65c43d1d083/resourceGroups/APPSERVERRESOURCEGROUP/providers/Microsoft.Compute/disks/AppServer-VM-01_OsDisk_1_5c0b813369ef4d2994a71a3def2410c9",
            "type": "String"
        },
        "disks_Client_VM_01_OsDisk_1_139c58ef3a864b719ec24f2d7c4c9dd5_externalid": {
            "defaultValue": "/subscriptions/dd3dfec0-514d-4833-9456-f65c43d1d083/resourceGroups/CLIENTRESOURCEGROUP/providers/Microsoft.Compute/disks/Client-VM-01_OsDisk_1_139c58ef3a864b719ec24f2d7c4c9dd5",
            "type": "String"
        }
    },
    "variables": {},
    "resources": [
        {
            "type": "Microsoft.Compute/snapshots",
            "apiVersion": "2018-06-01",
            "name": "[parameters('snapshots_AppServer_VM_Image_name')]",
            "location": "australiaeast",
            "sku": {
                "name": "Standard_LRS",
                "tier": "Standard"
            },
            "properties": {
                "osType": "Windows",
                "creationData": {
                    "createOption": "Copy",
                    "sourceResourceId": "[parameters('disks_AppServer_VM_01_OsDisk_1_5c0b813369ef4d2994a71a3def2410c9_externalid')]"
                },
                "diskSizeGB": 127
            }
        },
        {
            "type": "Microsoft.Compute/snapshots",
            "apiVersion": "2018-06-01",
            "name": "[parameters('snapshots_Client_VM_Image_name')]",
            "location": "australiaeast",
            "sku": {
                "name": "Standard_LRS",
                "tier": "Standard"
            },
            "properties": {
                "osType": "Windows",
                "creationData": {
                    "createOption": "Copy",
                    "sourceResourceId": "[parameters('disks_Client_VM_01_OsDisk_1_139c58ef3a864b719ec24f2d7c4c9dd5_externalid')]"
                },
                "diskSizeGB": 127
            }
        }
    ]
}