{
    "$schema": "https://schema.management.azure.com/schemas/2015-01-01/deploymentTemplate.json#",
    "contentVersion": "1.0.0.0",
    "parameters": {
        "certificates_AzureRunAsCertificate_base64Value": {
            "defaultValue": null,
            "type": "SecureString"
        },
        "automationAccounts_DefaultAutomationAccount_name": {
            "defaultValue": "DefaultAutomationAccount",
            "type": "String"
        }
    },
    "variables": {},
    "resources": [
        {
            "type": "Microsoft.Automation/automationAccounts",
            "apiVersion": "2015-10-31",
            "name": "[parameters('automationAccounts_DefaultAutomationAccount_name')]",
            "location": "australiaeast",
            "properties": {
                "sku": {
                    "name": "Basic"
                }
            }
        },
        {
            "type": "Microsoft.Automation/automationAccounts/certificates",
            "apiVersion": "2015-10-31",
            "name": "[concat(parameters('automationAccounts_DefaultAutomationAccount_name'), '/AzureRunAsCertificate')]",
            "dependsOn": [
                "[resourceId('Microsoft.Automation/automationAccounts', parameters('automationAccounts_DefaultAutomationAccount_name'))]"
            ],
            "properties": {
                "description": "This certificate is used to authenticate with the service principal that was automatically created for this account. For details on this service principal and certificate, or to recreate them, go to this account’s Settings. For example usage, see the tutorial runbook in this account.",
                "isExportable": true,
                "thumbprint": "CD0813CFD59E2CF00AD5E1766A94427443CF2BE6",
                "base64Value": "[parameters('certificates_AzureRunAsCertificate_base64Value')]"
            }
        },
        {
            "type": "Microsoft.Automation/automationAccounts/connections",
            "apiVersion": "2015-10-31",
            "name": "[concat(parameters('automationAccounts_DefaultAutomationAccount_name'), '/AzureRunAsConnection')]",
            "dependsOn": [
                "[resourceId('Microsoft.Automation/automationAccounts', parameters('automationAccounts_DefaultAutomationAccount_name'))]"
            ],
            "properties": {
                "connectionType": {
                    "name": "AzureServicePrincipal"
                }
            }
        },
        {
            "type": "Microsoft.Automation/automationAccounts/connectionTypes",
            "apiVersion": "2015-10-31",
            "name": "[concat(parameters('automationAccounts_DefaultAutomationAccount_name'), '/Azure')]",
            "dependsOn": [
                "[resourceId('Microsoft.Automation/automationAccounts', parameters('automationAccounts_DefaultAutomationAccount_name'))]"
            ],
            "properties": {
                "isGlobal": true,
                "fieldDefinitions": {
                    "AutomationCertificateName": {
                        "isEncrypted": false,
                        "isOptional": false,
                        "type": "System.String"
                    },
                    "SubscriptionID": {
                        "isEncrypted": false,
                        "isOptional": false,
                        "type": "System.String"
                    }
                }
            }
        },
        {
            "type": "Microsoft.Automation/automationAccounts/connectionTypes",
            "apiVersion": "2015-10-31",
            "name": "[concat(parameters('automationAccounts_DefaultAutomationAccount_name'), '/AzureClassicCertificate')]",
            "dependsOn": [
                "[resourceId('Microsoft.Automation/automationAccounts', parameters('automationAccounts_DefaultAutomationAccount_name'))]"
            ],
            "properties": {
                "isGlobal": true,
                "fieldDefinitions": {
                    "SubscriptionName": {
                        "isEncrypted": false,
                        "isOptional": false,
                        "type": "System.String"
                    },
                    "SubscriptionId": {
                        "isEncrypted": false,
                        "isOptional": false,
                        "type": "System.String"
                    },
                    "CertificateAssetName": {
                        "isEncrypted": false,
                        "isOptional": false,
                        "type": "System.String"
                    }
                }
            }
        },
        {
            "type": "Microsoft.Automation/automationAccounts/connectionTypes",
            "apiVersion": "2015-10-31",
            "name": "[concat(parameters('automationAccounts_DefaultAutomationAccount_name'), '/AzureServicePrincipal')]",
            "dependsOn": [
                "[resourceId('Microsoft.Automation/automationAccounts', parameters('automationAccounts_DefaultAutomationAccount_name'))]"
            ],
            "properties": {
                "isGlobal": true,
                "fieldDefinitions": {
                    "ApplicationId": {
                        "isEncrypted": false,
                        "isOptional": false,
                        "type": "System.String"
                    },
                    "TenantId": {
                        "isEncrypted": false,
                        "isOptional": false,
                        "type": "System.String"
                    },
                    "CertificateThumbprint": {
                        "isEncrypted": false,
                        "isOptional": false,
                        "type": "System.String"
                    },
                    "SubscriptionId": {
                        "isEncrypted": false,
                        "isOptional": false,
                        "type": "System.String"
                    }
                }
            }
        },
        {
            "type": "Microsoft.Automation/automationAccounts/jobs",
            "apiVersion": "2017-05-15-preview",
            "name": "[concat(parameters('automationAccounts_DefaultAutomationAccount_name'), '/08e2a2bf-d0a4-4c70-aced-2ba45a3e61ad')]",
            "dependsOn": [
                "[resourceId('Microsoft.Automation/automationAccounts', parameters('automationAccounts_DefaultAutomationAccount_name'))]"
            ],
            "properties": {
                "runbook": {
                    "name": "Update-AutomationAzureModulesForAccount"
                }
            }
        },
        {
            "type": "Microsoft.Automation/automationAccounts/jobs",
            "apiVersion": "2017-05-15-preview",
            "name": "[concat(parameters('automationAccounts_DefaultAutomationAccount_name'), '/2abe5577-0b61-440e-8e1e-9db3bc179647')]",
            "dependsOn": [
                "[resourceId('Microsoft.Automation/automationAccounts', parameters('automationAccounts_DefaultAutomationAccount_name'))]"
            ],
            "properties": {
                "runbook": {
                    "name": "Update-AutomationAzureModulesForAccount"
                }
            }
        },
        {
            "type": "Microsoft.Automation/automationAccounts/jobs",
            "apiVersion": "2017-05-15-preview",
            "name": "[concat(parameters('automationAccounts_DefaultAutomationAccount_name'), '/80524de4-2b2d-43b2-901a-c37a08f901d6')]",
            "dependsOn": [
                "[resourceId('Microsoft.Automation/automationAccounts', parameters('automationAccounts_DefaultAutomationAccount_name'))]"
            ],
            "properties": {
                "runbook": {
                    "name": "Start_AppServer-VM-01"
                }
            }
        },
        {
            "type": "Microsoft.Automation/automationAccounts/jobs",
            "apiVersion": "2017-05-15-preview",
            "name": "[concat(parameters('automationAccounts_DefaultAutomationAccount_name'), '/c5046543-f088-47ab-9530-3fb0940b6f07')]",
            "dependsOn": [
                "[resourceId('Microsoft.Automation/automationAccounts', parameters('automationAccounts_DefaultAutomationAccount_name'))]"
            ],
            "properties": {
                "runbook": {
                    "name": "Update-AutomationAzureModulesForAccount"
                }
            }
        },
        {
            "type": "Microsoft.Automation/automationAccounts/jobs",
            "apiVersion": "2017-05-15-preview",
            "name": "[concat(parameters('automationAccounts_DefaultAutomationAccount_name'), '/e6763b7f-5155-4d22-bcbe-01939adb01e4')]",
            "dependsOn": [
                "[resourceId('Microsoft.Automation/automationAccounts', parameters('automationAccounts_DefaultAutomationAccount_name'))]"
            ],
            "properties": {
                "runbook": {
                    "name": "CheckCertificateExpiry"
                }
            }
        },
        {
            "type": "Microsoft.Automation/automationAccounts/jobs",
            "apiVersion": "2017-05-15-preview",
            "name": "[concat(parameters('automationAccounts_DefaultAutomationAccount_name'), '/ecc10d70-9090-41ea-ac86-dff8fa86d1e7')]",
            "dependsOn": [
                "[resourceId('Microsoft.Automation/automationAccounts', parameters('automationAccounts_DefaultAutomationAccount_name'))]"
            ],
            "properties": {
                "runbook": {
                    "name": "Update-AutomationAzureModulesForAccount"
                }
            }
        },
        {
            "type": "Microsoft.Automation/automationAccounts/jobs",
            "apiVersion": "2017-05-15-preview",
            "name": "[concat(parameters('automationAccounts_DefaultAutomationAccount_name'), '/f440d481-fdb3-4a91-ab54-4bf58924a2fa')]",
            "dependsOn": [
                "[resourceId('Microsoft.Automation/automationAccounts', parameters('automationAccounts_DefaultAutomationAccount_name'))]"
            ],
            "properties": {
                "runbook": {
                    "name": "Update-AutomationAzureModulesForAccount"
                }
            }
        },
        {
            "type": "Microsoft.Automation/automationAccounts/jobSchedules",
            "apiVersion": "2015-10-31",
            "name": "[concat(parameters('automationAccounts_DefaultAutomationAccount_name'), '/4a580aac-060e-45a7-909e-8c356d905873')]",
            "dependsOn": [
                "[resourceId('Microsoft.Automation/automationAccounts', parameters('automationAccounts_DefaultAutomationAccount_name'))]"
            ],
            "properties": {
                "runbook": {
                    "name": "Start_Timesheet_VMs"
                },
                "schedule": {
                    "name": "Start before Weekly Timesheet Review"
                }
            }
        },
        {
            "type": "Microsoft.Automation/automationAccounts/jobSchedules",
            "apiVersion": "2015-10-31",
            "name": "[concat(parameters('automationAccounts_DefaultAutomationAccount_name'), '/50a1cb35-cda0-4d36-ac97-73a0eaa63931')]",
            "dependsOn": [
                "[resourceId('Microsoft.Automation/automationAccounts', parameters('automationAccounts_DefaultAutomationAccount_name'))]"
            ],
            "properties": {
                "runbook": {
                    "name": "Stop_Timesheet_VMs"
                },
                "schedule": {
                    "name": "Stop after Weekly Timeheet Review"
                }
            }
        },
        {
            "type": "Microsoft.Automation/automationAccounts/modules",
            "apiVersion": "2015-10-31",
            "name": "[concat(parameters('automationAccounts_DefaultAutomationAccount_name'), '/AuditPolicyDsc')]",
            "dependsOn": [
                "[resourceId('Microsoft.Automation/automationAccounts', parameters('automationAccounts_DefaultAutomationAccount_name'))]"
            ],
            "properties": {
                "contentLink": {}
            }
        },
        {
            "type": "Microsoft.Automation/automationAccounts/modules",
            "apiVersion": "2015-10-31",
            "name": "[concat(parameters('automationAccounts_DefaultAutomationAccount_name'), '/Azure')]",
            "dependsOn": [
                "[resourceId('Microsoft.Automation/automationAccounts', parameters('automationAccounts_DefaultAutomationAccount_name'))]"
            ],
            "properties": {
                "contentLink": {}
            }
        },
        {
            "type": "Microsoft.Automation/automationAccounts/modules",
            "apiVersion": "2015-10-31",
            "name": "[concat(parameters('automationAccounts_DefaultAutomationAccount_name'), '/Azure.Storage')]",
            "dependsOn": [
                "[resourceId('Microsoft.Automation/automationAccounts', parameters('automationAccounts_DefaultAutomationAccount_name'))]"
            ],
            "properties": {
                "contentLink": {}
            }
        },
        {
            "type": "Microsoft.Automation/automationAccounts/modules",
            "apiVersion": "2015-10-31",
            "name": "[concat(parameters('automationAccounts_DefaultAutomationAccount_name'), '/AzureRM.Automation')]",
            "dependsOn": [
                "[resourceId('Microsoft.Automation/automationAccounts', parameters('automationAccounts_DefaultAutomationAccount_name'))]"
            ],
            "properties": {
                "contentLink": {}
            }
        },
        {
            "type": "Microsoft.Automation/automationAccounts/modules",
            "apiVersion": "2015-10-31",
            "name": "[concat(parameters('automationAccounts_DefaultAutomationAccount_name'), '/AzureRM.Compute')]",
            "dependsOn": [
                "[resourceId('Microsoft.Automation/automationAccounts', parameters('automationAccounts_DefaultAutomationAccount_name'))]"
            ],
            "properties": {
                "contentLink": {}
            }
        },
        {
            "type": "Microsoft.Automation/automationAccounts/modules",
            "apiVersion": "2015-10-31",
            "name": "[concat(parameters('automationAccounts_DefaultAutomationAccount_name'), '/AzureRM.Profile')]",
            "dependsOn": [
                "[resourceId('Microsoft.Automation/automationAccounts', parameters('automationAccounts_DefaultAutomationAccount_name'))]"
            ],
            "properties": {
                "contentLink": {}
            }
        },
        {
            "type": "Microsoft.Automation/automationAccounts/modules",
            "apiVersion": "2015-10-31",
            "name": "[concat(parameters('automationAccounts_DefaultAutomationAccount_name'), '/AzureRM.Resources')]",
            "dependsOn": [
                "[resourceId('Microsoft.Automation/automationAccounts', parameters('automationAccounts_DefaultAutomationAccount_name'))]"
            ],
            "properties": {
                "contentLink": {}
            }
        },
        {
            "type": "Microsoft.Automation/automationAccounts/modules",
            "apiVersion": "2015-10-31",
            "name": "[concat(parameters('automationAccounts_DefaultAutomationAccount_name'), '/AzureRM.Sql')]",
            "dependsOn": [
                "[resourceId('Microsoft.Automation/automationAccounts', parameters('automationAccounts_DefaultAutomationAccount_name'))]"
            ],
            "properties": {
                "contentLink": {}
            }
        },
        {
            "type": "Microsoft.Automation/automationAccounts/modules",
            "apiVersion": "2015-10-31",
            "name": "[concat(parameters('automationAccounts_DefaultAutomationAccount_name'), '/AzureRM.Storage')]",
            "dependsOn": [
                "[resourceId('Microsoft.Automation/automationAccounts', parameters('automationAccounts_DefaultAutomationAccount_name'))]"
            ],
            "properties": {
                "contentLink": {}
            }
        },
        {
            "type": "Microsoft.Automation/automationAccounts/modules",
            "apiVersion": "2015-10-31",
            "name": "[concat(parameters('automationAccounts_DefaultAutomationAccount_name'), '/AzureRM.Websites')]",
            "dependsOn": [
                "[resourceId('Microsoft.Automation/automationAccounts', parameters('automationAccounts_DefaultAutomationAccount_name'))]"
            ],
            "properties": {
                "contentLink": {}
            }
        },
        {
            "type": "Microsoft.Automation/automationAccounts/modules",
            "apiVersion": "2015-10-31",
            "name": "[concat(parameters('automationAccounts_DefaultAutomationAccount_name'), '/ComputerManagementDsc')]",
            "dependsOn": [
                "[resourceId('Microsoft.Automation/automationAccounts', parameters('automationAccounts_DefaultAutomationAccount_name'))]"
            ],
            "properties": {
                "contentLink": {}
            }
        },
        {
            "type": "Microsoft.Automation/automationAccounts/modules",
            "apiVersion": "2015-10-31",
            "name": "[concat(parameters('automationAccounts_DefaultAutomationAccount_name'), '/GPRegistryPolicyParser')]",
            "dependsOn": [
                "[resourceId('Microsoft.Automation/automationAccounts', parameters('automationAccounts_DefaultAutomationAccount_name'))]"
            ],
            "properties": {
                "contentLink": {}
            }
        },
        {
            "type": "Microsoft.Automation/automationAccounts/modules",
            "apiVersion": "2015-10-31",
            "name": "[concat(parameters('automationAccounts_DefaultAutomationAccount_name'), '/Microsoft.PowerShell.Core')]",
            "dependsOn": [
                "[resourceId('Microsoft.Automation/automationAccounts', parameters('automationAccounts_DefaultAutomationAccount_name'))]"
            ],
            "properties": {
                "contentLink": {}
            }
        },
        {
            "type": "Microsoft.Automation/automationAccounts/modules",
            "apiVersion": "2015-10-31",
            "name": "[concat(parameters('automationAccounts_DefaultAutomationAccount_name'), '/Microsoft.PowerShell.Diagnostics')]",
            "dependsOn": [
                "[resourceId('Microsoft.Automation/automationAccounts', parameters('automationAccounts_DefaultAutomationAccount_name'))]"
            ],
            "properties": {
                "contentLink": {}
            }
        },
        {
            "type": "Microsoft.Automation/automationAccounts/modules",
            "apiVersion": "2015-10-31",
            "name": "[concat(parameters('automationAccounts_DefaultAutomationAccount_name'), '/Microsoft.PowerShell.Management')]",
            "dependsOn": [
                "[resourceId('Microsoft.Automation/automationAccounts', parameters('automationAccounts_DefaultAutomationAccount_name'))]"
            ],
            "properties": {
                "contentLink": {}
            }
        },
        {
            "type": "Microsoft.Automation/automationAccounts/modules",
            "apiVersion": "2015-10-31",
            "name": "[concat(parameters('automationAccounts_DefaultAutomationAccount_name'), '/Microsoft.PowerShell.Security')]",
            "dependsOn": [
                "[resourceId('Microsoft.Automation/automationAccounts', parameters('automationAccounts_DefaultAutomationAccount_name'))]"
            ],
            "properties": {
                "contentLink": {}
            }
        },
        {
            "type": "Microsoft.Automation/automationAccounts/modules",
            "apiVersion": "2015-10-31",
            "name": "[concat(parameters('automationAccounts_DefaultAutomationAccount_name'), '/Microsoft.PowerShell.Utility')]",
            "dependsOn": [
                "[resourceId('Microsoft.Automation/automationAccounts', parameters('automationAccounts_DefaultAutomationAccount_name'))]"
            ],
            "properties": {
                "contentLink": {}
            }
        },
        {
            "type": "Microsoft.Automation/automationAccounts/modules",
            "apiVersion": "2015-10-31",
            "name": "[concat(parameters('automationAccounts_DefaultAutomationAccount_name'), '/Microsoft.WSMan.Management')]",
            "dependsOn": [
                "[resourceId('Microsoft.Automation/automationAccounts', parameters('automationAccounts_DefaultAutomationAccount_name'))]"
            ],
            "properties": {
                "contentLink": {}
            }
        },
        {
            "type": "Microsoft.Automation/automationAccounts/modules",
            "apiVersion": "2015-10-31",
            "name": "[concat(parameters('automationAccounts_DefaultAutomationAccount_name'), '/Orchestrator.AssetManagement.Cmdlets')]",
            "dependsOn": [
                "[resourceId('Microsoft.Automation/automationAccounts', parameters('automationAccounts_DefaultAutomationAccount_name'))]"
            ],
            "properties": {
                "contentLink": {}
            }
        },
        {
            "type": "Microsoft.Automation/automationAccounts/modules",
            "apiVersion": "2015-10-31",
            "name": "[concat(parameters('automationAccounts_DefaultAutomationAccount_name'), '/PSDscResources')]",
            "dependsOn": [
                "[resourceId('Microsoft.Automation/automationAccounts', parameters('automationAccounts_DefaultAutomationAccount_name'))]"
            ],
            "properties": {
                "contentLink": {}
            }
        },
        {
            "type": "Microsoft.Automation/automationAccounts/modules",
            "apiVersion": "2015-10-31",
            "name": "[concat(parameters('automationAccounts_DefaultAutomationAccount_name'), '/SecurityPolicyDsc')]",
            "dependsOn": [
                "[resourceId('Microsoft.Automation/automationAccounts', parameters('automationAccounts_DefaultAutomationAccount_name'))]"
            ],
            "properties": {
                "contentLink": {}
            }
        },
        {
            "type": "Microsoft.Automation/automationAccounts/modules",
            "apiVersion": "2015-10-31",
            "name": "[concat(parameters('automationAccounts_DefaultAutomationAccount_name'), '/StateConfigCompositeResources')]",
            "dependsOn": [
                "[resourceId('Microsoft.Automation/automationAccounts', parameters('automationAccounts_DefaultAutomationAccount_name'))]"
            ],
            "properties": {
                "contentLink": {}
            }
        },
        {
            "type": "Microsoft.Automation/automationAccounts/modules",
            "apiVersion": "2015-10-31",
            "name": "[concat(parameters('automationAccounts_DefaultAutomationAccount_name'), '/xDSCDomainjoin')]",
            "dependsOn": [
                "[resourceId('Microsoft.Automation/automationAccounts', parameters('automationAccounts_DefaultAutomationAccount_name'))]"
            ],
            "properties": {
                "contentLink": {}
            }
        },
        {
            "type": "Microsoft.Automation/automationAccounts/modules",
            "apiVersion": "2015-10-31",
            "name": "[concat(parameters('automationAccounts_DefaultAutomationAccount_name'), '/xPowerShellExecutionPolicy')]",
            "dependsOn": [
                "[resourceId('Microsoft.Automation/automationAccounts', parameters('automationAccounts_DefaultAutomationAccount_name'))]"
            ],
            "properties": {
                "contentLink": {}
            }
        },
        {
            "type": "Microsoft.Automation/automationAccounts/modules",
            "apiVersion": "2015-10-31",
            "name": "[concat(parameters('automationAccounts_DefaultAutomationAccount_name'), '/xRemoteDesktopAdmin')]",
            "dependsOn": [
                "[resourceId('Microsoft.Automation/automationAccounts', parameters('automationAccounts_DefaultAutomationAccount_name'))]"
            ],
            "properties": {
                "contentLink": {}
            }
        },
        {
            "type": "Microsoft.Automation/automationAccounts/runbooks",
            "apiVersion": "2018-06-30",
            "name": "[concat(parameters('automationAccounts_DefaultAutomationAccount_name'), '/CheckCertificateExpiry')]",
            "location": "australiaeast",
            "dependsOn": [
                "[resourceId('Microsoft.Automation/automationAccounts', parameters('automationAccounts_DefaultAutomationAccount_name'))]"
            ],
            "properties": {
                "runbookType": "PowerShell",
                "logVerbose": false,
                "logProgress": false,
                "logActivityTrace": 0
            }
        },
        {
            "type": "Microsoft.Automation/automationAccounts/runbooks",
            "apiVersion": "2018-06-30",
            "name": "[concat(parameters('automationAccounts_DefaultAutomationAccount_name'), '/Start_Timesheet_VMs')]",
            "location": "australiaeast",
            "dependsOn": [
                "[resourceId('Microsoft.Automation/automationAccounts', parameters('automationAccounts_DefaultAutomationAccount_name'))]"
            ],
            "properties": {
                "runbookType": "PowerShell",
                "logVerbose": false,
                "logProgress": false,
                "logActivityTrace": 0
            }
        },
        {
            "type": "Microsoft.Automation/automationAccounts/runbooks",
            "apiVersion": "2018-06-30",
            "name": "[concat(parameters('automationAccounts_DefaultAutomationAccount_name'), '/Stop_Timesheet_VMs')]",
            "location": "australiaeast",
            "dependsOn": [
                "[resourceId('Microsoft.Automation/automationAccounts', parameters('automationAccounts_DefaultAutomationAccount_name'))]"
            ],
            "properties": {
                "runbookType": "PowerShell",
                "logVerbose": false,
                "logProgress": false,
                "logActivityTrace": 0
            }
        },
        {
            "type": "Microsoft.Automation/automationAccounts/schedules",
            "apiVersion": "2015-10-31",
            "name": "[concat(parameters('automationAccounts_DefaultAutomationAccount_name'), '/Start before Weekly Timesheet Reiew')]",
            "dependsOn": [
                "[resourceId('Microsoft.Automation/automationAccounts', parameters('automationAccounts_DefaultAutomationAccount_name'))]"
            ],
            "properties": {
                "description": "Starts the VMs before the weekly review kicks off",
                "startTime": "2019-10-21T09:45:00+11:00",
                "expiryTime": "9999-12-31T23:59:59.9999999+00:00",
                "interval": 1,
                "frequency": "Week",
                "timeZone": "Australia/Sydney"
            }
        },
        {
            "type": "Microsoft.Automation/automationAccounts/schedules",
            "apiVersion": "2015-10-31",
            "name": "[concat(parameters('automationAccounts_DefaultAutomationAccount_name'), '/Start before Weekly Timesheet Review')]",
            "dependsOn": [
                "[resourceId('Microsoft.Automation/automationAccounts', parameters('automationAccounts_DefaultAutomationAccount_name'))]"
            ],
            "properties": {
                "description": "Start VMS befroe the weekly timesheet review kicks off",
                "startTime": "2019-10-21T09:45:00+11:00",
                "expiryTime": "9999-12-31T23:59:59.9999999+00:00",
                "interval": 1,
                "frequency": "Week",
                "timeZone": "Australia/Sydney"
            }
        },
        {
            "type": "Microsoft.Automation/automationAccounts/schedules",
            "apiVersion": "2015-10-31",
            "name": "[concat(parameters('automationAccounts_DefaultAutomationAccount_name'), '/Stop after Weekly Timeheet Review')]",
            "dependsOn": [
                "[resourceId('Microsoft.Automation/automationAccounts', parameters('automationAccounts_DefaultAutomationAccount_name'))]"
            ],
            "properties": {
                "description": "This stops the VMs after the weekly timesheet review",
                "startTime": "2019-10-15T10:45:00+11:00",
                "expiryTime": "9999-12-31T23:59:59.9999999+00:00",
                "interval": 1,
                "frequency": "Week",
                "timeZone": "Australia/Sydney"
            }
        },
        {
            "type": "Microsoft.Automation/automationAccounts/schedules",
            "apiVersion": "2015-10-31",
            "name": "[concat(parameters('automationAccounts_DefaultAutomationAccount_name'), '/Weeklt Timesheet Review')]",
            "dependsOn": [
                "[resourceId('Microsoft.Automation/automationAccounts', parameters('automationAccounts_DefaultAutomationAccount_name'))]"
            ],
            "properties": {
                "description": "Starts the VMs to enable the Weekly Timesheet Review",
                "startTime": "2019-10-21T09:45:00+11:00",
                "expiryTime": "9999-12-31T23:59:59.9999999+00:00",
                "interval": 1,
                "frequency": "Week",
                "timeZone": "Australia/Sydney"
            }
        },
        {
            "type": "Microsoft.Automation/automationAccounts/schedules",
            "apiVersion": "2015-10-31",
            "name": "[concat(parameters('automationAccounts_DefaultAutomationAccount_name'), '/Weekly Timesheet Schedule')]",
            "dependsOn": [
                "[resourceId('Microsoft.Automation/automationAccounts', parameters('automationAccounts_DefaultAutomationAccount_name'))]"
            ],
            "properties": {
                "description": "Start the VMs for timesheet refiew",
                "startTime": "2019-10-21T09:45:00+11:00",
                "expiryTime": "9999-12-31T23:59:59.9999999+00:00",
                "interval": 1,
                "frequency": "Week",
                "timeZone": "Australia/Sydney"
            }
        }
    ]
}