{
    "$schema": "https://schema.management.azure.com/schemas/2015-01-01/deploymentParameters.json#",
    "contentVersion": "1.0.0.0",
    "parameters": {
        "extensions_IaaSAntimalware_Paths": {
            "value": null
        },
        "extensions_IaaSAntimalware_Extensions": {
            "value": null
        },
        "extensions_IaaSAntimalware_Processes": {
            "value": null
        },
        "virtualMachines_Client_VM_01_name": {
            "value": null
        },
        "networkInterfaces_client_vm_01268_name": {
            "value": null
        },
        "networkSecurityGroups_ClientTierNSG_name": {
            "value": null
        },
        "storageAccounts_clientresourcegroupdi914_name": {
            "value": null
        },
        "schedules_shutdown_computevm_client_vm_01_name": {
            "value": null
        },
        "virtualNetworks_SynergyCoreSystems_externalid": {
            "value": null
        }
    }
}