{
    "$schema": "https://schema.management.azure.com/schemas/2015-01-01/deploymentTemplate.json#",
    "contentVersion": "1.0.0.0",
    "parameters": {
        "extensions_IaaSAntimalware_Paths": {
            "defaultValue": null,
            "type": "SecureString"
        },
        "extensions_IaaSAntimalware_Extensions": {
            "defaultValue": null,
            "type": "SecureString"
        },
        "extensions_IaaSAntimalware_Processes": {
            "defaultValue": null,
            "type": "SecureString"
        },
        "virtualMachines_Client_VM_01_name": {
            "defaultValue": "Client-VM-01",
            "type": "String"
        },
        "networkInterfaces_client_vm_01268_name": {
            "defaultValue": "client-vm-01268",
            "type": "String"
        },
        "networkSecurityGroups_ClientTierNSG_name": {
            "defaultValue": "ClientTierNSG",
            "type": "String"
        },
        "storageAccounts_clientresourcegroupdi914_name": {
            "defaultValue": "clientresourcegroupdi914",
            "type": "String"
        },
        "schedules_shutdown_computevm_client_vm_01_name": {
            "defaultValue": "shutdown-computevm-client-vm-01",
            "type": "String"
        },
        "virtualNetworks_SynergyCoreSystems_externalid": {
            "defaultValue": "/subscriptions/dd3dfec0-514d-4833-9456-f65c43d1d083/resourceGroups/CoreSystems/providers/Microsoft.Network/virtualNetworks/SynergyCoreSystems",
            "type": "String"
        }
    },
    "variables": {},
    "resources": [
        {
            "type": "Microsoft.Network/networkInterfaces",
            "apiVersion": "2019-08-01",
            "name": "[parameters('networkInterfaces_client_vm_01268_name')]",
            "location": "australiaeast",
            "properties": {
                "ipConfigurations": [
                    {
                        "name": "ipconfig1",
                        "properties": {
                            "privateIPAddress": "10.10.1.5",
                            "privateIPAllocationMethod": "Dynamic",
                            "subnet": {
                                "id": "[concat(parameters('virtualNetworks_SynergyCoreSystems_externalid'), '/subnets/ClientTierSubnet')]"
                            },
                            "primary": true,
                            "privateIPAddressVersion": "IPv4"
                        }
                    }
                ],
                "dnsSettings": {
                    "dnsServers": []
                },
                "enableAcceleratedNetworking": false,
                "enableIPForwarding": false
            }
        },
        {
            "type": "Microsoft.Network/networkSecurityGroups",
            "apiVersion": "2019-08-01",
            "name": "[parameters('networkSecurityGroups_ClientTierNSG_name')]",
            "location": "australiaeast",
            "properties": {
                "securityRules": [
                    {
                        "name": "AppServer",
                        "properties": {
                            "description": "Allow Inbound Access to AppServer",
                            "protocol": "*",
                            "sourcePortRange": "*",
                            "destinationPortRange": "8080",
                            "sourceAddressPrefix": "*",
                            "destinationAddressPrefix": "*",
                            "access": "Allow",
                            "priority": 100,
                            "direction": "Inbound",
                            "sourcePortRanges": [],
                            "destinationPortRanges": [],
                            "sourceAddressPrefixes": [],
                            "destinationAddressPrefixes": []
                        }
                    },
                    {
                        "name": "Port_8080",
                        "properties": {
                            "description": "Outbond Access",
                            "protocol": "*",
                            "sourcePortRange": "*",
                            "destinationPortRange": "8080",
                            "sourceAddressPrefix": "*",
                            "destinationAddressPrefix": "*",
                            "access": "Allow",
                            "priority": 100,
                            "direction": "Outbound",
                            "sourcePortRanges": [],
                            "destinationPortRanges": [],
                            "sourceAddressPrefixes": [],
                            "destinationAddressPrefixes": []
                        }
                    }
                ]
            }
        },
        {
            "type": "Microsoft.Storage/storageAccounts",
            "apiVersion": "2019-04-01",
            "name": "[parameters('storageAccounts_clientresourcegroupdi914_name')]",
            "location": "australiaeast",
            "sku": {
                "name": "Standard_LRS",
                "tier": "Standard"
            },
            "kind": "Storage",
            "properties": {
                "networkAcls": {
                    "bypass": "AzureServices",
                    "virtualNetworkRules": [],
                    "ipRules": [],
                    "defaultAction": "Allow"
                },
                "supportsHttpsTrafficOnly": true,
                "encryption": {
                    "services": {
                        "file": {
                            "enabled": true
                        },
                        "blob": {
                            "enabled": true
                        }
                    },
                    "keySource": "Microsoft.Storage"
                }
            }
        },
        {
            "type": "Microsoft.Compute/virtualMachines/extensions",
            "apiVersion": "2019-03-01",
            "name": "[concat(parameters('virtualMachines_Client_VM_01_name'), '/IaaSAntimalware')]",
            "location": "australiaeast",
            "dependsOn": [
                "[resourceId('Microsoft.Compute/virtualMachines', parameters('virtualMachines_Client_VM_01_name'))]"
            ],
            "properties": {
                "autoUpgradeMinorVersion": true,
                "publisher": "Microsoft.Azure.Security",
                "type": "IaaSAntimalware",
                "typeHandlerVersion": "1.1",
                "settings": {
                    "AntimalwareEnabled": "true",
                    "Exclusions": {
                        "Paths": "[parameters('extensions_IaaSAntimalware_Paths')]",
                        "Extensions": "[parameters('extensions_IaaSAntimalware_Extensions')]",
                        "Processes": "[parameters('extensions_IaaSAntimalware_Processes')]"
                    },
                    "RealtimeProtectionEnabled": "true",
                    "ScheduledScanSettings": {
                        "isEnabled": "true",
                        "scanType": "Quick",
                        "day": "7",
                        "time": "120"
                    }
                }
            }
        },
        {
            "type": "microsoft.devtestlab/schedules",
            "apiVersion": "2018-09-15",
            "name": "[parameters('schedules_shutdown_computevm_client_vm_01_name')]",
            "location": "australiaeast",
            "dependsOn": [
                "[resourceId('Microsoft.Compute/virtualMachines', parameters('virtualMachines_Client_VM_01_name'))]"
            ],
            "properties": {
                "status": "Enabled",
                "taskType": "ComputeVmShutdownTask",
                "dailyRecurrence": {
                    "time": "1700"
                },
                "timeZoneId": "AUS Eastern Standard Time",
                "notificationSettings": {
                    "status": "Disabled",
                    "timeInMinutes": 30,
                    "notificationLocale": "en"
                },
                "targetResourceId": "[resourceId('Microsoft.Compute/virtualMachines', parameters('virtualMachines_Client_VM_01_name'))]"
            }
        },
        {
            "type": "Microsoft.Network/networkSecurityGroups/securityRules",
            "apiVersion": "2019-08-01",
            "name": "[concat(parameters('networkSecurityGroups_ClientTierNSG_name'), '/AppServer')]",
            "dependsOn": [
                "[resourceId('Microsoft.Network/networkSecurityGroups', parameters('networkSecurityGroups_ClientTierNSG_name'))]"
            ],
            "properties": {
                "description": "Allow Inbound Access to AppServer",
                "protocol": "*",
                "sourcePortRange": "*",
                "destinationPortRange": "8080",
                "sourceAddressPrefix": "*",
                "destinationAddressPrefix": "*",
                "access": "Allow",
                "priority": 100,
                "direction": "Inbound",
                "sourcePortRanges": [],
                "destinationPortRanges": [],
                "sourceAddressPrefixes": [],
                "destinationAddressPrefixes": []
            }
        },
        {
            "type": "Microsoft.Network/networkSecurityGroups/securityRules",
            "apiVersion": "2019-08-01",
            "name": "[concat(parameters('networkSecurityGroups_ClientTierNSG_name'), '/Port_8080')]",
            "dependsOn": [
                "[resourceId('Microsoft.Network/networkSecurityGroups', parameters('networkSecurityGroups_ClientTierNSG_name'))]"
            ],
            "properties": {
                "description": "Outbond Access",
                "protocol": "*",
                "sourcePortRange": "*",
                "destinationPortRange": "8080",
                "sourceAddressPrefix": "*",
                "destinationAddressPrefix": "*",
                "access": "Allow",
                "priority": 100,
                "direction": "Outbound",
                "sourcePortRanges": [],
                "destinationPortRanges": [],
                "sourceAddressPrefixes": [],
                "destinationAddressPrefixes": []
            }
        },
        {
            "type": "Microsoft.Storage/storageAccounts/blobServices",
            "apiVersion": "2019-04-01",
            "name": "[concat(parameters('storageAccounts_clientresourcegroupdi914_name'), '/default')]",
            "dependsOn": [
                "[resourceId('Microsoft.Storage/storageAccounts', parameters('storageAccounts_clientresourcegroupdi914_name'))]"
            ],
            "properties": {
                "cors": {
                    "corsRules": []
                },
                "deleteRetentionPolicy": {
                    "enabled": false
                }
            }
        },
        {
            "type": "Microsoft.Compute/virtualMachines",
            "apiVersion": "2019-03-01",
            "name": "[parameters('virtualMachines_Client_VM_01_name')]",
            "location": "australiaeast",
            "dependsOn": [
                "[resourceId('Microsoft.Network/networkInterfaces', parameters('networkInterfaces_client_vm_01268_name'))]",
                "[resourceId('Microsoft.Storage/StorageAccounts', parameters('storageAccounts_clientresourcegroupdi914_name'))]"
            ],
            "properties": {
                "hardwareProfile": {
                    "vmSize": "Standard_D2_v2"
                },
                "storageProfile": {
                    "imageReference": {
                        "publisher": "MicrosoftWindowsDesktop",
                        "offer": "Windows-10",
                        "sku": "rs5-pro",
                        "version": "latest"
                    },
                    "osDisk": {
                        "osType": "Windows",
                        "name": "[concat(parameters('virtualMachines_Client_VM_01_name'), '_OsDisk_1_139c58ef3a864b719ec24f2d7c4c9dd5')]",
                        "createOption": "FromImage",
                        "caching": "ReadWrite",
                        "managedDisk": {
                            "id": "[resourceId('Microsoft.Compute/disks', concat(parameters('virtualMachines_Client_VM_01_name'), '_OsDisk_1_139c58ef3a864b719ec24f2d7c4c9dd5'))]"
                        }
                    },
                    "dataDisks": []
                },
                "osProfile": {
                    "computerName": "[parameters('virtualMachines_Client_VM_01_name')]",
                    "adminUsername": "5YNERGY_ADM1N",
                    "windowsConfiguration": {
                        "provisionVMAgent": true,
                        "enableAutomaticUpdates": true
                    },
                    "secrets": [],
                    "allowExtensionOperations": true
                },
                "networkProfile": {
                    "networkInterfaces": [
                        {
                            "id": "[resourceId('Microsoft.Network/networkInterfaces', parameters('networkInterfaces_client_vm_01268_name'))]"
                        }
                    ]
                },
                "diagnosticsProfile": {
                    "bootDiagnostics": {
                        "enabled": true,
                        "storageUri": "[concat('https://', parameters('storageAccounts_clientresourcegroupdi914_name'), '.blob.core.windows.net/')]"
                    }
                },
                "licenseType": "Windows_Client"
            }
        },
        {
            "type": "Microsoft.Storage/storageAccounts/blobServices/containers",
            "apiVersion": "2019-04-01",
            "name": "[concat(parameters('storageAccounts_clientresourcegroupdi914_name'), '/default/bootdiagnostics-clientvm0-03e08e66-72b0-40c5-ab22-3b738f667f24')]",
            "dependsOn": [
                "[resourceId('Microsoft.Storage/storageAccounts/blobServices', parameters('storageAccounts_clientresourcegroupdi914_name'), 'default')]",
                "[resourceId('Microsoft.Storage/storageAccounts', parameters('storageAccounts_clientresourcegroupdi914_name'))]"
            ],
            "properties": {
                "publicAccess": "None"
            }
        },
        {
            "type": "Microsoft.Storage/storageAccounts/blobServices/containers",
            "apiVersion": "2019-04-01",
            "name": "[concat(parameters('storageAccounts_clientresourcegroupdi914_name'), '/default/bootdiagnostics-clientvm0-9c719384-98e4-42b5-b410-07f90902fe2b')]",
            "dependsOn": [
                "[resourceId('Microsoft.Storage/storageAccounts/blobServices', parameters('storageAccounts_clientresourcegroupdi914_name'), 'default')]",
                "[resourceId('Microsoft.Storage/storageAccounts', parameters('storageAccounts_clientresourcegroupdi914_name'))]"
            ],
            "properties": {
                "publicAccess": "None"
            }
        }
    ]
}