{
    "$schema": "https://schema.management.azure.com/schemas/2015-01-01/deploymentTemplate.json#",
    "contentVersion": "1.0.0.0",
    "parameters": {
        "networkWatchers_NetworkWatcher_australiaeast_name": {
            "defaultValue": "NetworkWatcher_australiaeast",
            "type": "String"
        }
    },
    "variables": {},
    "resources": [
        {
            "type": "Microsoft.Network/networkWatchers",
            "apiVersion": "2019-08-01",
            "name": "[parameters('networkWatchers_NetworkWatcher_australiaeast_name')]",
            "location": "australiaeast",
            "properties": {}
        }
    ]
}