{
    "$schema": "https://schema.management.azure.com/schemas/2015-01-01/deploymentParameters.json#",
    "contentVersion": "1.0.0.0",
    "parameters": {
        "extensions_IaaSAntimalware_Paths": {
            "value": null
        },
        "extensions_IaaSAntimalware_Extensions": {
            "value": null
        },
        "extensions_IaaSAntimalware_Processes": {
            "value": null
        },
        "virtualMachines_AppServer_VM_01_name": {
            "value": null
        },
        "networkInterfaces_appserver_vm_01447_name": {
            "value": null
        },
        "networkSecurityGroups_AppServerTierNSG_name": {
            "value": null
        },
        "storageAccounts_appserverresourcegroupdi_name": {
            "value": null
        },
        "schedules_shutdown_computevm_appserver_vm_01_name": {
            "value": null
        },
        "virtualNetworks_SynergyCoreSystems_externalid": {
            "value": null
        }
    }
}