{
    "$schema": "https://schema.management.azure.com/schemas/2015-01-01/deploymentTemplate.json#",
    "contentVersion": "1.0.0.0",
    "parameters": {
        "extensions_IaaSAntimalware_Paths": {
            "defaultValue": null,
            "type": "SecureString"
        },
        "extensions_IaaSAntimalware_Extensions": {
            "defaultValue": null,
            "type": "SecureString"
        },
        "extensions_IaaSAntimalware_Processes": {
            "defaultValue": null,
            "type": "SecureString"
        },
        "virtualMachines_AppServer_VM_01_name": {
            "defaultValue": "AppServer-VM-01",
            "type": "String"
        },
        "networkInterfaces_appserver_vm_01447_name": {
            "defaultValue": "appserver-vm-01447",
            "type": "String"
        },
        "networkSecurityGroups_AppServerTierNSG_name": {
            "defaultValue": "AppServerTierNSG",
            "type": "String"
        },
        "storageAccounts_appserverresourcegroupdi_name": {
            "defaultValue": "appserverresourcegroupdi",
            "type": "String"
        },
        "schedules_shutdown_computevm_appserver_vm_01_name": {
            "defaultValue": "shutdown-computevm-appserver-vm-01",
            "type": "String"
        },
        "virtualNetworks_SynergyCoreSystems_externalid": {
            "defaultValue": "/subscriptions/dd3dfec0-514d-4833-9456-f65c43d1d083/resourceGroups/CoreSystems/providers/Microsoft.Network/virtualNetworks/SynergyCoreSystems",
            "type": "String"
        }
    },
    "variables": {},
    "resources": [
        {
            "type": "Microsoft.Network/networkInterfaces",
            "apiVersion": "2019-08-01",
            "name": "[parameters('networkInterfaces_appserver_vm_01447_name')]",
            "location": "australiaeast",
            "properties": {
                "ipConfigurations": [
                    {
                        "name": "ipconfig1",
                        "properties": {
                            "privateIPAddress": "10.10.2.4",
                            "privateIPAllocationMethod": "Dynamic",
                            "subnet": {
                                "id": "[concat(parameters('virtualNetworks_SynergyCoreSystems_externalid'), '/subnets/AppServerTier')]"
                            },
                            "primary": true,
                            "privateIPAddressVersion": "IPv4"
                        }
                    }
                ],
                "dnsSettings": {
                    "dnsServers": []
                },
                "enableAcceleratedNetworking": false,
                "enableIPForwarding": false
            }
        },
        {
            "type": "Microsoft.Network/networkSecurityGroups",
            "apiVersion": "2019-08-01",
            "name": "[parameters('networkSecurityGroups_AppServerTierNSG_name')]",
            "location": "australiaeast",
            "properties": {
                "securityRules": []
            }
        },
        {
            "type": "Microsoft.Storage/storageAccounts",
            "apiVersion": "2019-04-01",
            "name": "[parameters('storageAccounts_appserverresourcegroupdi_name')]",
            "location": "australiaeast",
            "sku": {
                "name": "Standard_LRS",
                "tier": "Standard"
            },
            "kind": "Storage",
            "properties": {
                "networkAcls": {
                    "bypass": "AzureServices",
                    "virtualNetworkRules": [],
                    "ipRules": [],
                    "defaultAction": "Allow"
                },
                "supportsHttpsTrafficOnly": true,
                "encryption": {
                    "services": {
                        "file": {
                            "enabled": true
                        },
                        "blob": {
                            "enabled": true
                        }
                    },
                    "keySource": "Microsoft.Storage"
                }
            }
        },
        {
            "type": "Microsoft.Compute/virtualMachines/extensions",
            "apiVersion": "2019-03-01",
            "name": "[concat(parameters('virtualMachines_AppServer_VM_01_name'), '/IaaSAntimalware')]",
            "location": "australiaeast",
            "dependsOn": [
                "[resourceId('Microsoft.Compute/virtualMachines', parameters('virtualMachines_AppServer_VM_01_name'))]"
            ],
            "properties": {
                "autoUpgradeMinorVersion": true,
                "publisher": "Microsoft.Azure.Security",
                "type": "IaaSAntimalware",
                "typeHandlerVersion": "1.1",
                "settings": {
                    "AntimalwareEnabled": "true",
                    "Exclusions": {
                        "Paths": "[parameters('extensions_IaaSAntimalware_Paths')]",
                        "Extensions": "[parameters('extensions_IaaSAntimalware_Extensions')]",
                        "Processes": "[parameters('extensions_IaaSAntimalware_Processes')]"
                    },
                    "RealtimeProtectionEnabled": "true",
                    "ScheduledScanSettings": {
                        "isEnabled": "true",
                        "scanType": "Quick",
                        "day": "7",
                        "time": "120"
                    }
                }
            }
        },
        {
            "type": "microsoft.devtestlab/schedules",
            "apiVersion": "2018-09-15",
            "name": "[parameters('schedules_shutdown_computevm_appserver_vm_01_name')]",
            "location": "australiaeast",
            "dependsOn": [
                "[resourceId('Microsoft.Compute/virtualMachines', parameters('virtualMachines_AppServer_VM_01_name'))]"
            ],
            "properties": {
                "status": "Enabled",
                "taskType": "ComputeVmShutdownTask",
                "dailyRecurrence": {
                    "time": "1700"
                },
                "timeZoneId": "AUS Eastern Standard Time",
                "notificationSettings": {
                    "status": "Disabled",
                    "timeInMinutes": 30,
                    "notificationLocale": "en"
                },
                "targetResourceId": "[resourceId('Microsoft.Compute/virtualMachines', parameters('virtualMachines_AppServer_VM_01_name'))]"
            }
        },
        {
            "type": "Microsoft.Storage/storageAccounts/blobServices",
            "apiVersion": "2019-04-01",
            "name": "[concat(parameters('storageAccounts_appserverresourcegroupdi_name'), '/default')]",
            "dependsOn": [
                "[resourceId('Microsoft.Storage/storageAccounts', parameters('storageAccounts_appserverresourcegroupdi_name'))]"
            ],
            "properties": {
                "cors": {
                    "corsRules": []
                },
                "deleteRetentionPolicy": {
                    "enabled": false
                }
            }
        },
        {
            "type": "Microsoft.Compute/virtualMachines",
            "apiVersion": "2019-03-01",
            "name": "[parameters('virtualMachines_AppServer_VM_01_name')]",
            "location": "australiaeast",
            "dependsOn": [
                "[resourceId('Microsoft.Network/networkInterfaces', parameters('networkInterfaces_appserver_vm_01447_name'))]",
                "[resourceId('Microsoft.Storage/StorageAccounts', parameters('storageAccounts_appserverresourcegroupdi_name'))]"
            ],
            "properties": {
                "hardwareProfile": {
                    "vmSize": "Standard_D2_v2"
                },
                "storageProfile": {
                    "imageReference": {
                        "publisher": "MicrosoftWindowsDesktop",
                        "offer": "Windows-10",
                        "sku": "rs5-pro",
                        "version": "latest"
                    },
                    "osDisk": {
                        "osType": "Windows",
                        "name": "[concat(parameters('virtualMachines_AppServer_VM_01_name'), '_OsDisk_1_5c0b813369ef4d2994a71a3def2410c9')]",
                        "createOption": "FromImage",
                        "caching": "ReadWrite",
                        "managedDisk": {
                            "id": "[resourceId('Microsoft.Compute/disks', concat(parameters('virtualMachines_AppServer_VM_01_name'), '_OsDisk_1_5c0b813369ef4d2994a71a3def2410c9'))]"
                        }
                    },
                    "dataDisks": []
                },
                "osProfile": {
                    "computerName": "[parameters('virtualMachines_AppServer_VM_01_name')]",
                    "adminUsername": "5YNERGY_ADM1N",
                    "windowsConfiguration": {
                        "provisionVMAgent": true,
                        "enableAutomaticUpdates": true
                    },
                    "secrets": [],
                    "allowExtensionOperations": true
                },
                "networkProfile": {
                    "networkInterfaces": [
                        {
                            "id": "[resourceId('Microsoft.Network/networkInterfaces', parameters('networkInterfaces_appserver_vm_01447_name'))]"
                        }
                    ]
                },
                "diagnosticsProfile": {
                    "bootDiagnostics": {
                        "enabled": true,
                        "storageUri": "[concat('https://', parameters('storageAccounts_appserverresourcegroupdi_name'), '.blob.core.windows.net/')]"
                    }
                },
                "licenseType": "Windows_Client"
            }
        },
        {
            "type": "Microsoft.Storage/storageAccounts/blobServices/containers",
            "apiVersion": "2019-04-01",
            "name": "[concat(parameters('storageAccounts_appserverresourcegroupdi_name'), '/default/bootdiagnostics-appserver-a40fe0f9-fa92-4d9d-9343-baa6acf0ec32')]",
            "dependsOn": [
                "[resourceId('Microsoft.Storage/storageAccounts/blobServices', parameters('storageAccounts_appserverresourcegroupdi_name'), 'default')]",
                "[resourceId('Microsoft.Storage/storageAccounts', parameters('storageAccounts_appserverresourcegroupdi_name'))]"
            ],
            "properties": {
                "publicAccess": "None"
            }
        }
    ]
}